{"logTime": "0920/055533", "level": "INFO", "message": "UserPrefStore loaded: error=NO_FILE (6)"}
{"logTime": "0920/055533", "level": "INFO", "message": "Preference changed: name=edge_vpn.available, new_value=true, source=unknown"}
{"logTime": "0920/055533", "level": "INFO", "message": "Preference changed: name=profile_network_context_service.http_cache_finch_experiment_groups, new_value=\"None None None None\", source=unknown"}
{"logTime": "0920/055533", "level": "INFO", "message": "Preference changed: name=enterprise_profile_guid, new_value=\"4e8d0613-e102-4d8b-9222-a542ebcb9c0e\", source=unknown"}
{"logTime": "0920/055533", "level": "INFO", "message": "Preference changed: name=extensions.last_chrome_version, new_value=\"154.0.4258.24\", source=unknown"}
{"logTime": "0920/055533", "level": "INFO", "message": "Preference changed: name=gaia_cookie.periodic_report_time_2, new_value=\"13434357333239522\", source=unknown"}
{"logTime": "0920/055533", "level": "INFO", "message": "Preference changed: name=optimization_guide.previously_registered_optimization_types, new_value=[object], source=unknown"}
{"logTime": "0920/055533", "level": "INFO", "message": "Preference changed: name=user_experience_metrics.personalization_data_consent_enabled_last_known_value, new_value=false, source=unknown"}
{"logTime": "0920/055533", "level": "INFO", "message": "Preference changed: name=profile.background_password_check, new_value=[object], source=unknown"}
{"logTime": "0920/055533", "level": "INFO", "message": "Preference changed: name=extensions.chrome_url_overrides, new_value=[object], source=unknown"}
{"logTime": "0920/055533", "level": "INFO", "message": "Preference changed: name=browser.recent_theme_color_list, new_value=[object], source=unknown"}
{"logTime": "0920/055533", "level": "INFO", "message": "Preference changed: name=browser.mai_ds_default_theme_type, new_value=1, source=unknown"}
{"logTime": "0920/055533", "level": "INFO", "message": "Preference changed: name=browser.color_theme_user_on_first_check, new_value=false, source=unknown"}
{"logTime": "0920/055533", "level": "INFO", "message": "Preference changed: name=browser.has_used_default_theme, new_value=true, source=unknown"}
{"logTime": "0920/055533", "level": "INFO", "message": "Preference changed: name=omnibox.work_organization_name.name, new_value=\"\", source=unknown"}
{"logTime": "0920/055533", "level": "INFO", "message": "Preference changed: name=countryid_at_install, new_value=21843, source=unknown"}
{"logTime": "0920/055533", "level": "INFO", "message": "Preference changed: name=reset_prepopulated_engines, new_value=false, source=unknown"}
{"logTime": "0920/055533", "level": "INFO", "message": "Preference changed: name=sessions.session_data_status, new_value=1, source=unknown"}
{"logTime": "0920/055533", "level": "INFO", "message": "Preference changed: name=sessions.event_log, new_value=[object], source=unknown"}
{"logTime": "0920/055533", "level": "INFO", "message": "Preference changed: name=optimization_guide.previously_registered_optimization_types, new_value=[object], source=unknown"}
{"logTime": "0920/055533", "level": "INFO", "message": "Preference changed: name=optimization_guide.previously_registered_optimization_types, new_value=[object], source=unknown"}
{"logTime": "0920/055533", "level": "INFO", "message": "Preference changed: name=optimization_guide.previously_registered_optimization_types, new_value=[object], source=unknown"}
{"logTime": "0920/055533", "level": "INFO", "message": "Preference changed: name=custom_links.list, new_value=[object], source=unknown"}
{"logTime": "0920/055533", "level": "INFO", "message": "Preference changed: name=browser.edge_sidebar_visibility, new_value=[object], source=unknown"}
{"logTime": "0920/055533", "level": "INFO", "message": "Preference changed: name=browser.edge_sidebar_visibility, new_value=[object], source=unknown"}
{"logTime": "0920/055533", "level": "INFO", "message": "Preference changed: name=saved_tab_groups.did_enable_shared_tab_groups_in_last_session, new_value=false, source=unknown"}
{"logTime": "0920/055533", "level": "INFO", "message": "Preference changed: name=optimization_guide.previously_registered_optimization_types, new_value=[object], source=unknown"}
{"logTime": "0920/055533", "level": "INFO", "message": "Preference changed: name=spellcheck.dictionaries, new_value=[object], source=unknown"}
{"logTime": "0920/055533", "level": "INFO", "message": "Preference changed: name=spellcheck.dictionary, new_value=\"\", source=unknown"}
{"logTime": "0920/055533", "level": "INFO", "message": "Preference changed: name=sync.edge_account_type, new_value=0, source=unknown"}
{"logTime": "0920/055533", "level": "INFO", "message": "Preference changed: name=sync.encryption_bootstrap_token_per_account_migration_done, new_value=true, source=unknown"}
{"logTime": "0920/055533", "level": "INFO", "message": "Preference changed: name=optimization_guide.previously_registered_optimization_types, new_value=[object], source=unknown"}
{"logTime": "0920/055533", "level": "INFO", "message": "Preference changed: name=safety_hub.unused_site_permissions_revocation.migration_completed, new_value=true, source=unknown"}
{"logTime": "0920/055533", "level": "INFO", "message": "Preference changed: name=edge_pinning_campaign.precomputed_campaign_data, new_value=[object], source=unknown"}
{"logTime": "0920/055533", "level": "INFO", "message": "Preference changed: name=profile.created_by_version, new_value=\"154.0.4258.24\", source=unknown"}
{"logTime": "0920/055533", "level": "INFO", "message": "Preference changed: name=profile.creation_time, new_value=\"13434357332982791\", source=unknown"}
{"logTime": "0920/055533", "level": "INFO", "message": "Preference changed: name=profile.edge_profile_id, new_value=\"860aa3a8-4434-404f-90bf-698586506f43\", source=unknown"}
{"logTime": "0920/055533", "level": "INFO", "message": "Preference changed: name=family_safety.web_filtering_enabled, new_value=false, source=unknown"}
{"logTime": "0920/055533", "level": "INFO", "message": "Preference changed: name=family_safety.activity_reporting_enabled, new_value=false, source=unknown"}
{"logTime": "0920/055533", "level": "INFO", "message": "Preference changed: name=profile.network_pbs, new_value=[object], source=unknown"}
{"logTime": "0920/055533", "level": "INFO", "message": "Preference changed: name=privacy_sandbox.first_party_sets_data_access_allowed_initialized, new_value=true, source=unknown"}
{"logTime": "0920/055533", "level": "INFO", "message": "Preference changed: name=extensions.alerts.initialized, new_value=true, source=unknown"}
{"logTime": "0920/055533", "level": "INFO", "message": "Preference changed: name=extensions.pdf_upsell_triggered, new_value=false, source=unknown"}
{"logTime": "0920/055533", "level": "INFO", "message": "Preference changed: name=extensions.settings, new_value=[object], source=unknown"}
{"logTime": "0920/055533", "level": "INFO", "message": "Preference changed: name=extensions.settings, new_value=[object], source=unknown"}
{"logTime": "0920/055533", "level": "INFO", "message": "Preference changed: name=extensions.settings, new_value=[object], source=unknown"}
{"logTime": "0920/055533", "level": "INFO", "message": "Preference changed: name=extensions.settings, new_value=[object], source=unknown"}
{"logTime": "0920/055533", "level": "INFO", "message": "Preference changed: name=extensions.settings, new_value=[object], source=unknown"}
{"logTime": "0920/055533", "level": "INFO", "message": "Preference changed: name=extensions.settings, new_value=[object], source=unknown"}
{"logTime": "0920/055533", "level": "INFO", "message": "Preference changed: name=extensions.settings, new_value=[object], source=unknown"}
{"logTime": "0920/055533", "level": "INFO", "message": "Preference changed: name=extensions.settings, new_value=[object], source=unknown"}
{"logTime": "0920/055533", "level": "INFO", "message": "Preference changed: name=extensions.settings, new_value=[object], source=unknown"}
{"logTime": "0920/055533", "level": "INFO", "message": "Preference changed: name=extensions.settings, new_value=[object], source=unknown"}
{"logTime": "0920/055533", "level": "INFO", "message": "Preference changed: name=extensions.settings, new_value=[object], source=unknown"}
{"logTime": "0920/055533", "level": "INFO", "message": "Preference changed: name=extensions.settings, new_value=[object], source=unknown"}
{"logTime": "0920/055533", "level": "INFO", "message": "Preference changed: name=extensions.settings, new_value=[object], source=unknown"}
{"logTime": "0920/055533", "level": "INFO", "message": "Preference changed: name=extensions.settings, new_value=[object], source=unknown"}
{"logTime": "0920/055533", "level": "INFO", "message": "Preference changed: name=extensions.settings, new_value=[object], source=unknown"}
{"logTime": "0920/055533", "level": "INFO", "message": "Preference changed: name=extensions.settings, new_value=[object], source=unknown"}
{"logTime": "0920/055533", "level": "INFO", "message": "Preference changed: name=extensions.settings, new_value=[object], source=unknown"}
{"logTime": "0920/055533", "level": "INFO", "message": "Preference changed: name=extensions.settings, new_value=[object], source=unknown"}
{"logTime": "0920/055533", "level": "INFO", "message": "Preference changed: name=extensions.settings, new_value=[object], source=unknown"}
{"logTime": "0920/055533", "level": "INFO", "message": "Preference changed: name=extensions.settings, new_value=[object], source=unknown"}
{"logTime": "0920/055533", "level": "INFO", "message": "Preference changed: name=extensions.settings, new_value=[object], source=unknown"}
{"logTime": "0920/055533", "level": "INFO", "message": "Preference changed: name=extensions.settings, new_value=[object], source=unknown"}
{"logTime": "0920/055533", "level": "INFO", "message": "Preference changed: name=extensions.settings, new_value=[object], source=unknown"}
{"logTime": "0920/055533", "level": "INFO", "message": "Preference changed: name=extensions.settings, new_value=[object], source=unknown"}
{"logTime": "0920/055533", "level": "INFO", "message": "Preference changed: name=extensions.settings, new_value=[object], source=unknown"}
{"logTime": "0920/055533", "level": "INFO", "message": "Preference changed: name=extensions.settings, new_value=[object], source=unknown"}
{"logTime": "0920/055533", "level": "INFO", "message": "Preference changed: name=extensions.settings, new_value=[object], source=unknown"}
{"logTime": "0920/055533", "level": "INFO", "message": "Preference changed: name=extensions.settings, new_value=[object], source=unknown"}
{"logTime": "0920/055533", "level": "INFO", "message": "Preference changed: name=extensions.settings, new_value=[object], source=unknown"}
{"logTime": "0920/055533", "level": "INFO", "message": "Preference changed: name=extensions.settings, new_value=[object], source=unknown"}
{"logTime": "0920/055533", "level": "INFO", "message": "Preference changed: name=extensions.settings, new_value=[object], source=unknown"}
{"logTime": "0920/055533", "level": "INFO", "message": "Preference changed: name=extensions.settings, new_value=[object], source=unknown"}
{"logTime": "0920/055533", "level": "INFO", "message": "Preference changed: name=extensions.settings, new_value=[object], source=unknown"}
{"logTime": "0920/055533", "level": "INFO", "message": "Preference changed: name=extensions.settings, new_value=[object], source=unknown"}
{"logTime": "0920/055533", "level": "INFO", "message": "Preference changed: name=extensions.settings, new_value=[object], source=unknown"}
{"logTime": "0920/055533", "level": "INFO", "message": "Preference changed: name=extensions.settings, new_value=[object], source=unknown"}
{"logTime": "0920/055533", "level": "INFO", "message": "Preference changed: name=extensions.settings, new_value=[object], source=unknown"}
{"logTime": "0920/055533", "level": "INFO", "message": "Preference changed: name=extensions.settings, new_value=[object], source=unknown"}
{"logTime": "0920/055533", "level": "INFO", "message": "Preference changed: name=extensions.settings, new_value=[object], source=unknown"}
{"logTime": "0920/055533", "level": "INFO", "message": "Preference changed: name=extensions.settings, new_value=[object], source=unknown"}
{"logTime": "0920/055533", "level": "INFO", "message": "Preference changed: name=extensions.settings, new_value=[object], source=unknown"}
{"logTime": "0920/055533", "level": "INFO", "message": "Preference changed: name=extensions.settings, new_value=[object], source=unknown"}
{"logTime": "0920/055533", "level": "INFO", "message": "Preference changed: name=extensions.settings, new_value=[object], source=unknown"}
{"logTime": "0920/055533", "level": "INFO", "message": "Preference changed: name=extensions.settings, new_value=[object], source=unknown"}
{"logTime": "0920/055533", "level": "INFO", "message": "Preference changed: name=extensions.settings, new_value=[object], source=unknown"}
{"logTime": "0920/055533", "level": "INFO", "message": "Preference changed: name=extensions.settings, new_value=[object], source=unknown"}
{"logTime": "0920/055533", "level": "INFO", "message": "Preference changed: name=extensions.settings, new_value=[object], source=unknown"}
{"logTime": "0920/055533", "level": "INFO", "message": "Preference changed: name=extensions.settings, new_value=[object], source=unknown"}
{"logTime": "0920/055533", "level": "INFO", "message": "Preference changed: name=extensions.settings, new_value=[object], source=unknown"}
{"logTime": "0920/055533", "level": "INFO", "message": "Preference changed: name=extensions.settings, new_value=[object], source=unknown"}
{"logTime": "0920/055533", "level": "INFO", "message": "Preference changed: name=extensions.settings, new_value=[object], source=unknown"}
{"logTime": "0920/055533", "level": "INFO", "message": "Preference changed: name=extensions.settings, new_value=[object], source=unknown"}
{"logTime": "0920/055533", "level": "INFO", "message": "Preference changed: name=extensions.settings, new_value=[object], source=unknown"}
{"logTime": "0920/055533", "level": "INFO", "message": "Preference changed: name=extensions.settings, new_value=[object], source=unknown"}
{"logTime": "0920/055533", "level": "INFO", "message": "Preference changed: name=extensions.settings, new_value=[object], source=unknown"}
{"logTime": "0920/055533", "level": "INFO", "message": "Preference changed: name=extensions.settings, new_value=[object], source=unknown"}
{"logTime": "0920/055533", "level": "INFO", "message": "Preference changed: name=extensions.settings, new_value=[object], source=unknown"}
{"logTime": "0920/055533", "level": "INFO", "message": "Preference changed: name=extensions.settings, new_value=[object], source=unknown"}
{"logTime": "0920/055533", "level": "INFO", "message": "Preference changed: name=extensions.settings, new_value=[object], source=unknown"}
{"logTime": "0920/055533", "level": "INFO", "message": "Preference changed: name=extensions.settings, new_value=[object], source=unknown"}
{"logTime": "0920/055533", "level": "INFO", "message": "Preference changed: name=extensions.settings, new_value=[object], source=unknown"}
{"logTime": "0920/055533", "level": "INFO", "message": "Preference changed: name=extensions.settings, new_value=[object], source=unknown"}
{"logTime": "0920/055533", "level": "INFO", "message": "Preference changed: name=extensions.settings, new_value=[object], source=unknown"}
{"logTime": "0920/055533", "level": "INFO", "message": "Preference changed: name=extensions.settings, new_value=[object], source=unknown"}
{"logTime": "0920/055533", "level": "INFO", "message": "Preference changed: name=extensions.settings, new_value=[object], source=unknown"}
{"logTime": "0920/055533", "level": "INFO", "message": "Preference changed: name=extensions.settings, new_value=[object], source=unknown"}
{"logTime": "0920/055533", "level": "INFO", "message": "Preference changed: name=extensions.settings, new_value=[object], source=unknown"}
{"logTime": "0920/055533", "level": "INFO", "message": "Preference changed: name=extensions.settings, new_value=[object], source=unknown"}
{"logTime": "0920/055533", "level": "INFO", "message": "Preference changed: name=extensions.settings, new_value=[object], source=unknown"}
{"logTime": "0920/055533", "level": "INFO", "message": "Preference changed: name=extensions.settings, new_value=[object], source=unknown"}
{"logTime": "0920/055533", "level": "INFO", "message": "Preference changed: name=extensions.settings, new_value=[object], source=unknown"}
{"logTime": "0920/055533", "level": "INFO", "message": "Preference changed: name=extensions.settings, new_value=[object], source=unknown"}
{"logTime": "0920/055533", "level": "INFO", "message": "Preference changed: name=extensions.settings, new_value=[object], source=unknown"}
{"logTime": "0920/055533", "level": "INFO", "message": "Preference changed: name=extensions.settings, new_value=[object], source=unknown"}
{"logTime": "0920/055533", "level": "INFO", "message": "Preference changed: name=extensions.settings, new_value=[object], source=unknown"}
{"logTime": "0920/055533", "level": "INFO", "message": "Preference changed: name=extensions.settings, new_value=[object], source=unknown"}
{"logTime": "0920/055533", "level": "INFO", "message": "Preference changed: name=extensions.settings, new_value=[object], source=unknown"}
{"logTime": "0920/055533", "level": "INFO", "message": "Preference changed: name=extensions.settings, new_value=[object], source=unknown"}
{"logTime": "0920/055533", "level": "INFO", "message": "Preference changed: name=extensions.settings, new_value=[object], source=unknown"}
{"logTime": "0920/055533", "level": "INFO", "message": "Preference changed: name=extensions.settings, new_value=[object], source=unknown"}
{"logTime": "0920/055533", "level": "INFO", "message": "Preference changed: name=extensions.settings, new_value=[object], source=unknown"}
{"logTime": "0920/055533", "level": "INFO", "message": "Preference changed: name=extensions.settings, new_value=[object], source=unknown"}
{"logTime": "0920/055533", "level": "INFO", "message": "Preference changed: name=extensions.settings, new_value=[object], source=unknown"}
{"logTime": "0920/055533", "level": "INFO", "message": "Preference changed: name=extensions.settings, new_value=[object], source=unknown"}
{"logTime": "0920/055533", "level": "INFO", "message": "Preference changed: name=extensions.settings, new_value=[object], source=unknown"}
{"logTime": "0920/055533", "level": "INFO", "message": "Preference changed: name=extensions.settings, new_value=[object], source=unknown"}
{"logTime": "0920/055533", "level": "INFO", "message": "Preference changed: name=extensions.settings, new_value=[object], source=unknown"}
{"logTime": "0920/055533", "level": "INFO", "message": "Preference changed: name=extensions.settings, new_value=[object], source=unknown"}
{"logTime": "0920/055533", "level": "INFO", "message": "Preference changed: name=extensions.settings, new_value=[object], source=unknown"}
{"logTime": "0920/055533", "level": "INFO", "message": "Preference changed: name=extensions.settings, new_value=[object], source=unknown"}
{"logTime": "0920/055533", "level": "INFO", "message": "Preference changed: name=extensions.settings, new_value=[object], source=unknown"}
{"logTime": "0920/055533", "level": "INFO", "message": "Preference changed: name=extensions.settings, new_value=[object], source=unknown"}
{"logTime": "0920/055533", "level": "INFO", "message": "Preference changed: name=extensions.settings, new_value=[object], source=unknown"}
{"logTime": "0920/055533", "level": "INFO", "message": "Preference changed: name=extension.installed_extension_count, new_value=9, source=unknown"}
{"logTime": "0920/055533", "level": "INFO", "message": "Preference changed: name=profile.password_hash_data_list, new_value=[object], source=unknown"}
{"logTime": "0920/055533", "level": "INFO", "message": "Preference changed: name=continuous_migration.equal_opt_out_users_data.backfilled, new_value=true, source=unknown"}
{"logTime": "0920/055533", "level": "INFO", "message": "Preference changed: name=edge.profile_sso_info.is_first_profile, new_value=true, source=unknown"}
{"logTime": "0920/055533", "level": "INFO", "message": "Preference changed: name=edge.profile_sso_info.aad_sso_algo_state, new_value=1, source=unknown"}
{"logTime": "0920/055533", "level": "INFO", "message": "Preference changed: name=edge.msa_sso_info.allow_for_non_msa_profile, new_value=true, source=unknown"}
{"logTime": "0920/055533", "level": "INFO", "message": "Preference changed: name=edge.profile_sso_info.is_msa_first_profile, new_value=true, source=unknown"}
{"logTime": "0920/055533", "level": "INFO", "message": "Preference changed: name=edge.profile_sso_info.msa_sso_algo_state, new_value=1, source=unknown"}
{"logTime": "0920/055533", "level": "INFO", "message": "Preference changed: name=browser.available_dark_theme_options, new_value=\"All\", source=unknown"}
{"logTime": "0920/055533", "level": "INFO", "message": "Preference changed: name=optimization_guide.previously_registered_optimization_types, new_value=[object], source=unknown"}
{"logTime": "0920/055533", "level": "INFO", "message": "Preference changed: name=browser.show_toolbar_workspaces_button, new_value=false, source=unknown"}
{"logTime": "0920/055533", "level": "INFO", "message": "Preference changed: name=browser.show_downloads_hub_pinned, new_value=false, source=unknown"}
{"logTime": "0920/055533", "level": "INFO", "message": "Preference changed: name=toolbar.pinned_chrome_labs_migration_complete, new_value=true, source=unknown"}
{"logTime": "0920/055533", "level": "INFO", "message": "Preference changed: name=toolbar.pinned_cast_migration_complete, new_value=true, source=unknown"}
{"logTime": "0920/055533", "level": "INFO", "message": "Preference changed: name=in_product_help.session_start_time, new_value=\"13434357333564421\", source=unknown"}
{"logTime": "0920/055533", "level": "INFO", "message": "Preference changed: name=in_product_help.session_number, new_value=2, source=unknown"}
{"logTime": "0920/055533", "level": "INFO", "message": "Preference changed: name=in_product_help.session_last_active_time, new_value=\"13434357333564421\", source=unknown"}
{"logTime": "0920/055533", "level": "INFO", "message": "Preference changed: name=in_product_help.recent_session_enabled_time, new_value=\"13434357333564421\", source=unknown"}
{"logTime": "0920/055533", "level": "INFO", "message": "Preference changed: name=in_product_help.recent_session_start_times, new_value=[object], source=unknown"}
{"logTime": "0920/055533", "level": "INFO", "message": "Preference changed: name=media_router.receiver_id_hash_token, new_value=\"dJID/GWeOF23eUYXtfU818lWaR+4rvIFSpbukXAmertNs7mvsLbmTxMdvPmRXTqn/vbd11o/sdZyvcWZCO9KqA==\", source=unknown"}
{"logTime": "0920/055533", "level": "INFO", "message": "Preference changed: name=media.engagement.schema_version, new_value=5, source=unknown"}
{"logTime": "0920/055533", "level": "INFO", "message": "Preference changed: name=intl.selected_languages, new_value=\"en-GB,en,en-US\", source=unknown"}
{"logTime": "0920/055533", "level": "INFO", "message": "Preference changed: name=edge_rewards.cache_data, new_value=\"CAA=\", source=unknown"}
{"logTime": "0920/055533", "level": "INFO", "message": "Preference changed: name=edge_rewards.refresh_status_muted_until, new_value=\"13434962133645540\", source=unknown"}
{"logTime": "0920/055533", "level": "INFO", "message": "Preference changed: name=optimization_guide.previously_registered_optimization_types, new_value=[object], source=unknown"}
{"logTime": "0920/055533", "level": "INFO", "message": "Preference changed: name=profile.content_settings.exceptions.storage_access_header_origin_trial, new_value=[object], source=unknown"}
{"logTime": "0920/055533", "level": "INFO", "message": "Preference changed: name=edge_wallet.trigger_funnel.records, new_value=[object], source=unknown"}
{"logTime": "0920/055533", "level": "INFO", "message": "Preference changed: name=shopping.dma_telemetry_expiration_time, new_value=\"13434443733712362\", source=unknown"}
{"logTime": "0920/055533", "level": "INFO", "message": "Preference changed: name=shopping.contextual_features_enabled, new_value=true, source=unknown"}
{"logTime": "0920/055533", "level": "INFO", "message": "Preference changed: name=sync.keep_everything_synced, new_value=false, source=unknown"}
{"logTime": "0920/055533", "level": "INFO", "message": "Preference changed: name=sync.bookmarks, new_value=true, source=unknown"}
{"logTime": "0920/055533", "level": "INFO", "message": "Preference changed: name=sync.preferences, new_value=true, source=unknown"}
{"logTime": "0920/055533", "level": "INFO", "message": "Preference changed: name=sync.passwords, new_value=true, source=unknown"}
{"logTime": "0920/055533", "level": "INFO", "message": "Preference changed: name=sync.autofill, new_value=true, source=unknown"}
{"logTime": "0920/055533", "level": "INFO", "message": "Preference changed: name=sync.typed_urls, new_value=true, source=unknown"}
{"logTime": "0920/055533", "level": "INFO", "message": "Preference changed: name=sync.extensions, new_value=true, source=unknown"}
{"logTime": "0920/055533", "level": "INFO", "message": "Preference changed: name=sync.apps, new_value=true, source=unknown"}
{"logTime": "0920/055533", "level": "INFO", "message": "Preference changed: name=sync.tabs, new_value=true, source=unknown"}
{"logTime": "0920/055533", "level": "INFO", "message": "Preference changed: name=sync.edge_workspaces, new_value=true, source=unknown"}
{"logTime": "0920/055533", "level": "INFO", "message": "Preference changed: name=sync.collections_edge_re_evaluated, new_value=true, source=unknown"}
{"logTime": "0920/055533", "level": "INFO", "message": "Preference changed: name=sync.history_edge_supported, new_value=true, source=unknown"}
{"logTime": "0920/055533", "level": "INFO", "message": "Preference changed: name=sync.extensions_edge_supported, new_value=true, source=unknown"}
{"logTime": "0920/055533", "level": "INFO", "message": "Preference changed: name=sync.tabs_edge_supported, new_value=true, source=unknown"}
{"logTime": "0920/055533", "level": "INFO", "message": "Preference changed: name=sync.edge_workspaces_edge_supported, new_value=true, source=unknown"}
{"logTime": "0920/055533", "level": "INFO", "message": "Preference changed: name=schedule_to_flush_to_disk, new_value=\"13434357333884338\", source=unknown"}
{"logTime": "0920/055533", "level": "INFO", "message": "Preference changed: name=schedule_to_flush_to_disk, new_value=\"13434357333885730\", source=unknown"}
{"logTime": "0920/055533", "level": "INFO", "message": "Preference changed: name=muid.last_sync, new_value=\"13434357333886494\", source=unknown"}
{"logTime": "0920/055533", "level": "INFO", "message": "Preference changed: name=commerce_daily_metrics_last_update_time, new_value=\"13434357333887276\", source=unknown"}
{"logTime": "0920/055533", "level": "INFO", "message": "Preference changed: name=dual_engine.sitelist_location, new_value=\"\", source=unknown"}
{"logTime": "0920/055533", "level": "INFO", "message": "Preference changed: name=dual_engine.sitelist_source, new_value=0, source=unknown"}
{"logTime": "0920/055533", "level": "INFO", "message": "Preference changed: name=dual_engine.consumer_sitelist_location, new_value=\"\", source=unknown"}
{"logTime": "0920/055533", "level": "INFO", "message": "Preference changed: name=dual_engine.sitelist_has_enterprise_data, new_value=false, source=unknown"}
{"logTime": "0920/055533", "level": "INFO", "message": "Preference changed: name=dual_engine.shared_cookie_data, new_value=[object], source=unknown"}
{"logTime": "0920/055533", "level": "INFO", "message": "Preference changed: name=dual_engine.sitelist_version, new_value=\"\", source=unknown"}
{"logTime": "0920/055533", "level": "INFO", "message": "Preference changed: name=dual_engine.sitelist_has_consumer_data, new_value=false, source=unknown"}
{"logTime": "0920/055533", "level": "INFO", "message": "Preference changed: name=dual_engine.consumer_site_list_with_ie_entries, new_value=false, source=unknown"}
{"logTime": "0920/055533", "level": "INFO", "message": "Preference changed: name=dual_engine.consumer_sitelist_version, new_value=\"\", source=unknown"}
{"logTime": "0920/055533", "level": "INFO", "message": "Preference changed: name=extensions.settings, new_value=[object], source=unknown"}
{"logTime": "0920/055533", "level": "INFO", "message": "Preference changed: name=extensions.settings, new_value=[object], source=unknown"}
{"logTime": "0920/055533", "level": "INFO", "message": "Preference changed: name=extensions.settings, new_value=[object], source=unknown"}
{"logTime": "0920/055533", "level": "INFO", "message": "Preference changed: name=extensions.settings, new_value=[object], source=unknown"}
{"logTime": "0920/055533", "level": "INFO", "message": "Preference changed: name=extensions.settings, new_value=[object], source=unknown"}
{"logTime": "0920/055533", "level": "INFO", "message": "Preference changed: name=extensions.settings, new_value=[object], source=unknown"}
{"logTime": "0920/055533", "level": "INFO", "message": "Preference changed: name=extensions.settings, new_value=[object], source=unknown"}
{"logTime": "0920/055533", "level": "INFO", "message": "Preference changed: name=extensions.settings, new_value=[object], source=unknown"}
{"logTime": "0920/055533", "level": "INFO", "message": "Preference changed: name=extensions.settings, new_value=[object], source=unknown"}
{"logTime": "0920/055533", "level": "INFO", "message": "Preference changed: name=extensions.settings, new_value=[object], source=unknown"}
{"logTime": "0920/055533", "level": "INFO", "message": "Preference changed: name=extensions.settings, new_value=[object], source=unknown"}
{"logTime": "0920/055533", "level": "INFO", "message": "Preference changed: name=extensions.settings, new_value=[object], source=unknown"}
{"logTime": "0920/055533", "level": "INFO", "message": "Preference changed: name=extensions.settings, new_value=[object], source=unknown"}
{"logTime": "0920/055533", "level": "INFO", "message": "Preference changed: name=extensions.settings, new_value=[object], source=unknown"}
{"logTime": "0920/055533", "level": "INFO", "message": "Preference changed: name=extensions.settings, new_value=[object], source=unknown"}
{"logTime": "0920/055534", "level": "INFO", "message": "Preference changed: name=extensions.settings, new_value=[object], source=unknown"}
{"logTime": "0920/055534", "level": "INFO", "message": "Preference changed: name=extensions.settings, new_value=[object], source=unknown"}
{"logTime": "0920/055534", "level": "INFO", "message": "Preference changed: name=extensions.settings, new_value=[object], source=unknown"}
{"logTime": "0920/055534", "level": "INFO", "message": "Preference changed: name=extensions.chrome_url_overrides, new_value=[object], source=unknown"}
{"logTime": "0920/055534", "level": "INFO", "message": "Preference changed: name=extensions.pinned_extensions, new_value=[object], source=unknown"}
{"logTime": "0920/055534", "level": "INFO", "message": "Preference changed: name=extensions.pinned_extension_migration, new_value=true, source=unknown"}
{"logTime": "0920/055534", "level": "INFO", "message": "Preference changed: name=bookmark.storage_computation_last_update, new_value=\"13434357334040201\", source=unknown"}
{"logTime": "0920/055534", "level": "INFO", "message": "Preference changed: name=ntp.num_personal_suggestions, new_value=1, source=unknown"}
{"logTime": "0920/055534", "level": "INFO", "message": "Preference changed: name=edge.services.signin_scoped_device_id, new_value=\"527ca896-83e1-40bf-8162-ca58b0191983\", source=unknown"}
{"logTime": "0920/055534", "level": "INFO", "message": "Preference changed: name=account_tracker_service_last_update, new_value=\"13434357334047481\", source=unknown"}
{"logTime": "0920/055534", "level": "INFO", "message": "Preference changed: name=autofill.ai_last_version_deduped, new_value=154, source=unknown"}
{"logTime": "0920/055534", "level": "INFO", "message": "Preference changed: name=autofill.last_version_deduped, new_value=154, source=unknown"}
{"logTime": "0920/055534", "level": "INFO", "message": "Preference changed: name=autofill.edge_autofill_purge_low_quality_profiles_by_timeline, new_value=false, source=unknown"}
{"logTime": "0920/055534", "level": "INFO", "message": "Preference changed: name=optimization_guide.previously_registered_optimization_types, new_value=[object], source=unknown"}
{"logTime": "0920/055534", "level": "INFO", "message": "Preference changed: name=autocomplete.retention_policy_last_version, new_value=154, source=unknown"}
{"logTime": "0920/055534", "level": "INFO", "message": "Preference changed: name=typosquatting.allowlist_migration_done, new_value=true, source=unknown"}
{"logTime": "0920/055534", "level": "INFO", "message": "Preference changed: name=shopping.rdx_mode_enabled, new_value=false, source=unknown"}
{"logTime": "0920/055534", "level": "INFO", "message": "Preference changed: name=shopping.rdx_mode_cached, new_value=true, source=unknown"}
{"logTime": "0920/055534", "level": "INFO", "message": "Preference changed: name=profile.edge_user_with_non_zero_passwords, new_value=false, source=unknown"}
{"logTime": "0920/055534", "level": "INFO", "message": "Preference changed: name=profile.edge_password_is_using_new_login_db_path, new_value=false, source=unknown"}
{"logTime": "0920/055534", "level": "INFO", "message": "Preference changed: name=profile.edge_password_login_db_path_flip_flop_count, new_value=0, source=unknown"}
{"logTime": "0920/055534", "level": "INFO", "message": "Preference changed: name=browser.underside_chat_bing_signed_in_status, new_value=false, source=unknown"}
{"logTime": "0920/055534", "level": "INFO", "message": "Preference changed: name=muid.values_seen, new_value=[object], source=unknown"}
{"logTime": "0920/055534", "level": "INFO", "message": "Preference changed: name=shopping.pcb_supported, new_value=true, source=unknown"}
{"logTime": "0920/055534", "level": "INFO", "message": "Preference changed: name=web_apps.link_handling_info.enabled_for_installed_apps, new_value=true, source=unknown"}
{"logTime": "0920/055534", "level": "INFO", "message": "Preference changed: name=apps.shortcuts_version, new_value=1, source=unknown"}
{"logTime": "0920/055534", "level": "INFO", "message": "Preference changed: name=apps.shortcuts_arch, new_value=\"\", source=unknown"}
{"logTime": "0920/055534", "level": "INFO", "message": "Preference changed: name=apps.shortcuts_os_version, new_value=\"\", source=unknown"}
{"logTime": "0920/055534", "level": "INFO", "message": "Preference changed: name=saved_tab_groups.specifics_to_data_migration, new_value=true, source=unknown"}
{"logTime": "0920/055534", "level": "INFO", "message": "Preference changed: name=profile.exit_type, new_value=\"Crashed\", source=unknown"}
{"logTime": "0920/055534", "level": "INFO", "message": "Preference changed: name=profile.content_settings.exceptions.site_engagement, new_value=[object], source=unknown"}
{"logTime": "0920/055534", "level": "INFO", "message": "Preference changed: name=profile.last_engagement_time, new_value=\"13434357334787841\", source=unknown"}
{"logTime": "0920/055534", "level": "INFO", "message": "Preference changed: name=fsd.retention_policy_last_version, new_value=154, source=unknown"}
{"logTime": "0920/055535", "level": "INFO", "message": "Preference changed: name=extensions.settings, new_value=[object], source=unknown"}
{"logTime": "0920/055535", "level": "INFO", "message": "Preference changed: name=extensions.settings, new_value=[object], source=unknown"}
{"logTime": "0920/055535", "level": "INFO", "message": "Preference changed: name=extensions.settings, new_value=[object], source=unknown"}
{"logTime": "0920/055535", "level": "INFO", "message": "Preference changed: name=extensions.settings, new_value=[object], source=unknown"}
{"logTime": "0920/055535", "level": "INFO", "message": "Preference changed: name=extensions.settings, new_value=[object], source=unknown"}
{"logTime": "0920/055535", "level": "INFO", "message": "Preference changed: name=extensions.settings, new_value=[object], source=unknown"}
{"logTime": "0920/055535", "level": "INFO", "message": "Preference changed: name=extensions.settings, new_value=[object], source=unknown"}
{"logTime": "0920/055536", "level": "INFO", "message": "Preference changed: name=extensions.settings, new_value=[object], source=unknown"}
{"logTime": "0920/055536", "level": "INFO", "message": "Preference changed: name=extensions.settings, new_value=[object], source=unknown"}
{"logTime": "0920/055536", "level": "INFO", "message": "Preference changed: name=extensions.settings, new_value=[object], source=unknown"}
{"logTime": "0920/055536", "level": "INFO", "message": "Preference changed: name=extensions.settings, new_value=[object], source=unknown"}
{"logTime": "0920/055536", "level": "INFO", "message": "Preference changed: name=extensions.settings, new_value=[object], source=unknown"}
{"logTime": "0920/055536", "level": "INFO", "message": "Preference changed: name=extensions.settings, new_value=[object], source=unknown"}
{"logTime": "0920/055536", "level": "INFO", "message": "Preference changed: name=extensions.settings, new_value=[object], source=unknown"}
{"logTime": "0920/055536", "level": "INFO", "message": "Preference changed: name=extensions.settings, new_value=[object], source=unknown"}
{"logTime": "0920/055536", "level": "INFO", "message": "Preference changed: name=extensions.settings, new_value=[object], source=unknown"}
{"logTime": "0920/055536", "level": "INFO", "message": "Preference changed: name=profiles.last_swag_account_type, new_value=1, source=unknown"}
{"logTime": "0920/055536", "level": "INFO", "message": "Preference changed: name=aadc_info.age_group, new_value=0, source=unknown"}
{"logTime": "0920/055536", "level": "INFO", "message": "Preference changed: name=account_info, new_value=[object], source=unknown"}
{"logTime": "0920/055536", "level": "INFO", "message": "Preference changed: name=edge.account_type, new_value=1, source=unknown"}
{"logTime": "0920/055536", "level": "INFO", "message": "Preference changed: name=edge.services.account_id, new_value=\"9ba4d8b94840c0be\", source=unknown"}
{"logTime": "0920/055536", "level": "INFO", "message": "Preference changed: name=google.services.consented_to_sync, new_value=true, source=unknown"}
{"logTime": "0920/055536", "level": "INFO", "message": "Preference changed: name=google.services.last_signed_in_username, new_value=\"aatifaajyoti@gmail.com\", source=unknown"}
{"logTime": "0920/055536", "level": "INFO", "message": "Preference changed: name=edge.services.last_gaia_id, new_value=\"9ba4d8b94840c0be\", source=unknown"}
{"logTime": "0920/055536", "level": "INFO", "message": "Preference changed: name=edge.services.last_username, new_value=\"aatifaajyoti@gmail.com\", source=unknown"}
{"logTime": "0920/055536", "level": "INFO", "message": "Preference changed: name=edge.profile_matches_os_primary_account, new_value=false, source=unknown"}
{"logTime": "0920/055536", "level": "INFO", "message": "Preference changed: name=signin.signin_with_explicit_browser_signin_on, new_value=true, source=unknown"}
{"logTime": "0920/055536", "level": "INFO", "message": "Preference changed: name=signin.accounts_metadata_dict, new_value=[object], source=unknown"}
{"logTime": "0920/055536", "level": "INFO", "message": "Preference changed: name=safebrowsing.advanced_protection_last_refresh, new_value=\"13434357336731556\", source=unknown"}
{"logTime": "0920/055536", "level": "INFO", "message": "Preference changed: name=edge.merge_chats_status.status, new_value=0, source=unknown"}
{"logTime": "0920/055536", "level": "INFO", "message": "Preference changed: name=edge.merge_chats_status.primary_account_id, new_value=\"9ba4d8b94840c0be\", source=unknown"}
{"logTime": "0920/055536", "level": "INFO", "message": "Preference changed: name=google.services.signin.LAST_SIGNIN_ACCESS_POINT.value, new_value=\"17\", source=unknown"}
{"logTime": "0920/055536", "level": "INFO", "message": "Preference changed: name=google.services.signin.LAST_SIGNIN_ACCESS_POINT.time, new_value=\"2026-09-20T05:55:36.732Z\", source=unknown"}
{"logTime": "0920/055536", "level": "INFO", "message": "Preference changed: name=sync.edge_account_type, new_value=1, source=unknown"}
{"logTime": "0920/055536", "level": "INFO", "message": "Preference changed: name=sync.transport_data_per_account, new_value=[object], source=unknown"}
{"logTime": "0920/055536", "level": "INFO", "message": "Preference changed: name=sync.transport_data_per_account, new_value=[object], source=unknown"}
{"logTime": "0920/055536", "level": "INFO", "message": "Preference changed: name=sync.gaia_id, new_value=\"9ba4d8b94840c0be\", source=unknown"}
{"logTime": "0920/055536", "level": "INFO", "message": "Preference changed: name=edge.msa_sso_info.allow_for_non_msa_profile, new_value=false, source=unknown"}
{"logTime": "0920/055536", "level": "INFO", "message": "Preference changed: name=edge.profile_sso_info.msa_sso_algo_state, new_value=2, source=unknown"}
{"logTime": "0920/055536", "level": "INFO", "message": "Preference changed: name=edge.profile_sso_info.msa_sso_state_reached_by, new_value=3, source=unknown"}
{"logTime": "0920/055536", "level": "INFO", "message": "Preference changed: name=edge.workspaces.state, new_value=\"{\\\"edgeWorkspacePrefsVersion\\\":2,\\\"enableFluid\\\":true,\\\"failedRestartSpaceId\\\":\\\"\\\",\\\"failedToConnectToFluid\\\":false,\\\"fluidMigrationStatus\\\":false,\\\"fluidStatus\\\":0,\\\"fre_shown\\\":false,\\\"fromCache\\\":false,\\\"isFluidPreferencesConnected\\\":false,\\\"isSpaceOpening\\\":false,\\\"openingSpaceId\\\":\\\"\\\",\\\"statusForScreenReaders\\\":\\\"\\\",\\\"workspacePopupMode\\\":9,\\\"workspacesForExternalLinks\\\":[]}\", source=unknown"}
{"logTime": "0920/055536", "level": "INFO", "message": "Preference changed: name=visual_search.dma_state, new_value=1, source=unknown"}
{"logTime": "0920/055536", "level": "INFO", "message": "Preference changed: name=nurturing.time_of_last_sync_consent_view, new_value=\"13434357336805290\", source=unknown"}
{"logTime": "0920/055537", "level": "INFO", "message": "Preference changed: name=sync.has_been_enabled, new_value=true, source=unknown"}
{"logTime": "0920/055537", "level": "INFO", "message": "Preference changed: name=sync_consent_recorded, new_value=true, source=unknown"}
{"logTime": "0920/055537", "level": "INFO", "message": "Preference changed: name=browser.window_placement, new_value=[object], source=unknown"}
{"logTime": "0920/055537", "level": "INFO", "message": "Preference changed: name=sync.has_setup_completed, new_value=true, source=unknown"}
{"logTime": "0920/055537", "level": "INFO", "message": "Preference changed: name=sync.keep_everything_synced, new_value=true, source=unknown"}
{"logTime": "0920/055537", "level": "INFO", "message": "Preference changed: name=collections.prism_collections.policy.cached, new_value=2, source=unknown"}
{"logTime": "0920/055537", "level": "INFO", "message": "Preference changed: name=collections.prism_collections.enabled, new_value=0, source=unknown"}
{"logTime": "0920/055538", "level": "INFO", "message": "Preference changed: name=edge_pinning_campaign.precomputed_campaign_data, new_value=[object], source=unknown"}
{"logTime": "0920/055538", "level": "INFO", "message": "Preference changed: name=web_apps.last_preinstall_synchronize_version, new_value=\"154\", source=unknown"}
{"logTime": "0920/055538", "level": "INFO", "message": "Preference changed: name=web_apps.did_migrate_default_chrome_apps, new_value=[object], source=unknown"}
{"logTime": "0920/055538", "level": "INFO", "message": "Preference changed: name=web_apps.did_migrate_default_chrome_apps, new_value=[object], source=unknown"}
{"logTime": "0920/055538", "level": "INFO", "message": "Preference changed: name=profile.is_relative_to_aad, new_value=false, source=unknown"}
{"logTime": "0920/055539", "level": "INFO", "message": "Preference changed: name=edge_triggering.config_version, new_value=\"1.42.2\", source=unknown"}
{"logTime": "0920/055539", "level": "INFO", "message": "Preference changed: name=edge_copilot.msa_eligibility_info, new_value=[object], source=unknown"}
{"logTime": "0920/055539", "level": "INFO", "message": "Preference changed: name=muid.values_seen, new_value=[object], source=unknown"}
{"logTime": "0920/055539", "level": "INFO", "message": "Preference changed: name=import_items_failure_state.reimport.ie_react, new_value=62432, source=unknown"}
{"logTime": "0920/055540", "level": "INFO", "message": "Preference changed: name=sync.cached_persistent_auth_error, new_value=false, source=unknown"}
{"logTime": "0920/055540", "level": "INFO", "message": "Preference changed: name=optimization_guide.hintsfetcher.hosts_successfully_fetched, new_value=[object], source=unknown"}
{"logTime": "0920/055540", "level": "INFO", "message": "Preference changed: name=pinned_sites.pin_metadata, new_value=[object], source=unknown"}
{"logTime": "0920/055540", "level": "INFO", "message": "Preference changed: name=safebrowsing.advanced_protection_last_refresh, new_value=\"13434357340502515\", source=unknown"}
{"logTime": "0920/055540", "level": "INFO", "message": "Preference changed: name=account_info, new_value=[object], source=unknown"}
{"logTime": "0920/055540", "level": "INFO", "message": "Preference changed: name=edge_cloud_messaging.cached_target_token.target_token, new_value=\"Sj3XPRhJz5BOjq2VM7Pi7w==$X5/6diMzJDt0U1u5hhnaKvGXu2azuEXltOSvaDkWE0rHi2K0G/d2REBkUjdZHKJBnoqbl4HwDwbT76jHwBERfnSX8ulJjhx6aZ9GWvrZyVMfEX1E2c6RXHAGi9lb7Gs0nO3te2oPb8EHQ+BIw+5/WKgaf2CTarH1dNOTGGibyiM=\", source=unknown"}
{"logTime": "0920/055540", "level": "INFO", "message": "Preference changed: name=edge_cloud_messaging.cached_target_token.cv, new_value=\"1153932472312937472\", source=unknown"}
{"logTime": "0920/055540", "level": "INFO", "message": "Preference changed: name=edge_cloud_messaging.cached_target_token.time, new_value=\"13434357340504621\", source=unknown"}
{"logTime": "0920/055540", "level": "INFO", "message": "Preference changed: name=edge_rewards.hva_promotions, new_value=[object], source=unknown"}
{"logTime": "0920/055540", "level": "INFO", "message": "Preference changed: name=edge_rewards.promotions, new_value=[object], source=unknown"}
{"logTime": "0920/055540", "level": "INFO", "message": "Preference changed: name=edge_rewards.hva_promotions, new_value=[object], source=unknown"}
{"logTime": "0920/055540", "level": "INFO", "message": "Preference changed: name=edge_rewards.user_is_conscious, new_value=true, source=unknown"}
{"logTime": "0920/055540", "level": "INFO", "message": "Preference changed: name=edge_rewards.cache_data, new_value=\"CAEQMUoCdXM=\", source=unknown"}
{"logTime": "0920/055540", "level": "INFO", "message": "Preference changed: name=edge_rewards.referral_hash, new_value=\"3956068F\", source=unknown"}
{"logTime": "0920/055540", "level": "INFO", "message": "Preference changed: name=sync.cached_passphrase_type, new_value=2, source=unknown"}
{"logTime": "0920/055540", "level": "INFO", "message": "Preference changed: name=sync.transport_data_per_account, new_value=[object], source=unknown"}
{"logTime": "0920/055540", "level": "INFO", "message": "Preference changed: name=sync.transport_data_per_account, new_value=[object], source=unknown"}
{"logTime": "0920/055540", "level": "INFO", "message": "Preference changed: name=sync.transport_data_per_account, new_value=[object], source=unknown"}
{"logTime": "0920/055540", "level": "INFO", "message": "Preference changed: name=sync.cached_trusted_vault_auto_upgrade_experiment_group, new_value=\"\", source=unknown"}
{"logTime": "0920/055540", "level": "INFO", "message": "Preference changed: name=sync.local_device_guids_with_timestamp, new_value=[object], source=unknown"}
{"logTime": "0920/055540", "level": "INFO", "message": "Preference changed: name=sync.local_device_guids_with_timestamp, new_value=[object], source=unknown"}
{"logTime": "0920/055541", "level": "INFO", "message": "Preference changed: name=personalization_data_consent.personalization_in_context_count, new_value=0, source=unknown"}
{"logTime": "0920/055541", "level": "INFO", "message": "Preference changed: name=personalization_data_consent.personalization_in_context_consent_can_prompt, new_value=true, source=unknown"}
{"logTime": "0920/055541", "level": "INFO", "message": "Preference changed: name=profile.using_default_avatar, new_value=false, source=unknown"}
{"logTime": "0920/055541", "level": "INFO", "message": "Preference changed: name=profile.using_gaia_avatar, new_value=true, source=unknown"}
{"logTime": "0920/055542", "level": "INFO", "message": "Preference changed: name=sync.keystore_encryption_key_state, new_value=\"eyJkb3dubG9hZF9rZXlfcmVzdWx0Ijp0cnVlLCJleHBpcmF0aW9uX3RpbWUiOjE3ODk5NzAxNDIuMjI5NDM0LCJodHRwX3Jlc3BvbnNlX2NvZGUiOjIwMCwia2V5X2NvdW50Ijo1LCJrZXlfdmFsaWRhdGlvbl90aW1lIjowLjAsIm5ldF9lcnJvcl9jb2RlIjoxLCJwcm9jZXNzX2tleV9yZXN1bHQiOjAsInNldF9rZXlfcmVzdWx0Ijp0cnVlfQ==\", source=unknown"}
{"logTime": "0920/055542", "level": "INFO", "message": "Preference changed: name=browser.window_placement, new_value=[object], source=unknown"}
{"logTime": "0920/055542", "level": "INFO", "message": "Preference changed: name=browser.window_placement, new_value=[object], source=unknown"}
{"logTime": "0920/055542", "level": "INFO", "message": "Preference changed: name=browser.window_placement, new_value=[object], source=unknown"}
{"logTime": "0920/055542", "level": "INFO", "message": "Preference changed: name=browser.window_placement, new_value=[object], source=unknown"}
{"logTime": "0920/055542", "level": "INFO", "message": "Preference changed: name=browser.window_placement, new_value=[object], source=unknown"}
{"logTime": "0920/055542", "level": "INFO", "message": "Preference changed: name=browser.window_placement, new_value=[object], source=unknown"}
{"logTime": "0920/055542", "level": "INFO", "message": "Preference changed: name=browser.window_placement, new_value=[object], source=unknown"}
{"logTime": "0920/055542", "level": "INFO", "message": "Preference changed: name=browser.window_placement, new_value=[object], source=unknown"}
{"logTime": "0920/055542", "level": "INFO", "message": "Preference changed: name=browser.window_placement, new_value=[object], source=unknown"}
{"logTime": "0920/055542", "level": "INFO", "message": "Preference changed: name=browser.window_placement, new_value=[object], source=unknown"}
{"logTime": "0920/055542", "level": "INFO", "message": "Preference changed: name=sync.transport_data_per_account, new_value=[object], source=unknown"}
{"logTime": "0920/055542", "level": "INFO", "message": "Preference changed: name=sync.transport_data_per_account, new_value=[object], source=unknown"}
{"logTime": "0920/055542", "level": "INFO", "message": "Preference changed: name=sync.transport_data_per_account, new_value=[object], source=unknown"}
{"logTime": "0920/055542", "level": "INFO", "message": "Preference changed: name=sync.keystore_encryption_key_state, new_value=\"eyJkb3dubG9hZF9rZXlfcmVzdWx0Ijp0cnVlLCJleHBpcmF0aW9uX3RpbWUiOjE3ODk5NzAxNDIuMjI5NDM0LCJodHRwX3Jlc3BvbnNlX2NvZGUiOjIwMCwia2V5X2NvdW50Ijo1LCJrZXlfdmFsaWRhdGlvbl90aW1lIjoxNzg5ODgzNzQyLjYxODgxMSwibmV0X2Vycm9yX2NvZGUiOjEsInByb2Nlc3Nfa2V5X3Jlc3VsdCI6MCwic2V0X2tleV9yZXN1bHQiOnRydWV9\", source=unknown"}
{"logTime": "0920/055543", "level": "INFO", "message": "Preference changed: name=browser.edge_sidebar_visibility, new_value=[object], source=unknown"}
{"logTime": "0920/055543", "level": "INFO", "message": "Preference changed: name=browser.edge_sidebar_visibility, new_value=[object], source=unknown"}
{"logTime": "0920/055543", "level": "INFO", "message": "Preference changed: name=browser.show_edge_split_window_toolbar_button, new_value=false, source=unknown"}
{"logTime": "0920/055543", "level": "INFO", "message": "Preference changed: name=browser.show_hub_app_in_sidebar_buttons, new_value=[object], source=unknown"}
{"logTime": "0920/055543", "level": "INFO", "message": "Preference changed: name=browser.edge_sidebar_visibility_debug, new_value=[object], source=unknown"}
{"logTime": "0920/055543", "level": "INFO", "message": "Preference changed: name=edge.workspaces.migration.complete, new_value=true, source=unknown"}
{"logTime": "0920/055543", "level": "INFO", "message": "Preference changed: name=browser.show_toolbar_spacework_button, new_value=false, source=unknown"}
{"logTime": "0920/055543", "level": "INFO", "message": "Preference changed: name=edge.workspaces.storage.state, new_value=\"{\\\"app_folder_path\\\":\\\"\\\",\\\"container_id\\\":\\\"\\\",\\\"drive_id\\\":\\\"\\\",\\\"prefs_item_id\\\":\\\"\\\",\\\"storage_endpoint\\\":\\\"\\\",\\\"version\\\":3}\", source=unknown"}
{"logTime": "0920/055543", "level": "INFO", "message": "Preference changed: name=edge.workspaces.state, new_value=\"\", source=unknown"}
{"logTime": "0920/055543", "level": "INFO", "message": "Preference changed: name=edge.workspaces.storage.state, new_value=\"\", source=unknown"}
{"logTime": "0920/055543", "level": "INFO", "message": "Preference changed: name=browser.hub_app_usage_preferences, new_value=[object], source=unknown"}
{"logTime": "0920/055543", "level": "INFO", "message": "Preference changed: name=profile.hard_yes_auto_save_consent, new_value=true, source=unknown"}
{"logTime": "0920/055543", "level": "INFO", "message": "Preference changed: name=surf_game.buoy_highscore, new_value=-1, source=unknown"}
{"logTime": "0920/055543", "level": "INFO", "message": "Preference changed: name=ntp.enable_widgets_region, new_value=false, source=unknown"}
{"logTime": "0920/055543", "level": "INFO", "message": "Preference changed: name=session.startup_urls, new_value=[object], source=unknown"}
{"logTime": "0920/055543", "level": "INFO", "message": "Preference changed: name=browser.edge_sidebar_visibility, new_value=[object], source=unknown"}
{"logTime": "0920/055543", "level": "INFO", "message": "Preference changed: name=browser.edge_sidebar_visibility_debug, new_value=[object], source=unknown"}
{"logTime": "0920/055543", "level": "INFO", "message": "Preference changed: name=ntp.show_greeting, new_value=true, source=unknown"}
{"logTime": "0920/055543", "level": "INFO", "message": "Preference changed: name=browser.hub_app_preferences, new_value=[object], source=unknown"}
{"logTime": "0920/055543", "level": "INFO", "message": "Preference changed: name=tab_groups_migration_version, new_value=3, source=unknown"}
{"logTime": "0920/055543", "level": "INFO", "message": "Preference changed: name=browser.bookmarks_last_used_time, new_value=\"13368173321505027\", source=unknown"}
{"logTime": "0920/055543", "level": "INFO", "message": "Preference changed: name=edge_wallet.passwords.latest_password_usage_count, new_value=[object], source=unknown"}
{"logTime": "0920/055543", "level": "INFO", "message": "Preference changed: name=credentials_enable_autosave, new_value=true, source=unknown"}
{"logTime": "0920/055543", "level": "INFO", "message": "Preference changed: name=ntp.hide_default_top_sites, new_value=false, source=unknown"}
{"logTime": "0920/055543", "level": "INFO", "message": "Preference changed: name=profile.network_pbs, new_value=[object], source=unknown"}
{"logTime": "0920/055543", "level": "INFO", "message": "Preference changed: name=profile.network_pbs, new_value=[object], source=unknown"}
{"logTime": "0920/055543", "level": "INFO", "message": "Preference changed: name=user_experience_metrics.personalization_data_consent_enabled, new_value=true, source=unknown"}
{"logTime": "0920/055543", "level": "INFO", "message": "Preference changed: name=user_experience_metrics.personalization_data_consent_enabled_last_known_value, new_value=true, source=unknown"}
{"logTime": "0920/055543", "level": "INFO", "message": "Preference changed: name=personalization_data_consent.personalization_in_context_consent_can_prompt, new_value=false, source=unknown"}
{"logTime": "0920/055543", "level": "INFO", "message": "Preference changed: name=personalization_data_consent.personalization_in_context_has_prompted, new_value=false, source=unknown"}
{"logTime": "0920/055543", "level": "INFO", "message": "Preference changed: name=profile.edge_user_with_non_zero_passwords, new_value=true, source=unknown"}
{"logTime": "0920/055543", "level": "INFO", "message": "Preference changed: name=instrumentation.ntp.news_feed_display, new_value=\"extensions::NtpSettingsPrivateSetPrefFunction::Run;always\", source=unknown"}
{"logTime": "0920/055543", "level": "INFO", "message": "Preference changed: name=continuous_migration.equal_opt_out_users_data.disable_autolaunch, new_value=true, source=unknown"}
{"logTime": "0920/055543", "level": "INFO", "message": "Preference changed: name=spellcheck.dictionaries, new_value=[object], source=unknown"}
{"logTime": "0920/055543", "level": "INFO", "message": "Preference changed: name=browser.editor_proofing_languages, new_value=[object], source=unknown"}
{"logTime": "0920/055543", "level": "INFO", "message": "Preference changed: name=surf_game.classic_highscore, new_value=0, source=unknown"}
{"logTime": "0920/055543", "level": "INFO", "message": "Preference changed: name=intl.selected_languages, new_value=\"en-US,en\", source=unknown"}
{"logTime": "0920/055543", "level": "INFO", "message": "Preference changed: name=intl.accept_languages, new_value=\"en-US,en\", source=unknown"}
{"logTime": "0920/055543", "level": "INFO", "message": "Preference changed: name=browser.editor_proofing_languages, new_value=[object], source=unknown"}
{"logTime": "0920/055543", "level": "INFO", "message": "Preference changed: name=ntp.layout_mode, new_value=2, source=unknown"}
{"logTime": "0920/055543", "level": "INFO", "message": "Preference changed: name=ntp.news_feed_display, new_value=\"always\", source=unknown"}
{"logTime": "0920/055543", "level": "INFO", "message": "Preference changed: name=browser.enable_text_prediction_v2, new_value=true, source=unknown"}
{"logTime": "0920/055543", "level": "INFO", "message": "Preference changed: name=personalization_data_consent.when_set, new_value=\"13333301031493236\", source=unknown"}
{"logTime": "0920/055543", "level": "INFO", "message": "Preference changed: name=session.restore_on_startup, new_value=5, source=unknown"}
{"logTime": "0920/055543", "level": "INFO", "message": "Preference changed: name=profile.edge_passwords_more_menu_label_shown, new_value=true, source=unknown"}
{"logTime": "0920/055543", "level": "INFO", "message": "Preference changed: name=browser.editor_proofing_languages, new_value=[object], source=unknown"}
{"logTime": "0920/055543", "level": "INFO", "message": "Preference changed: name=edge.spaceworks.should_show_post_migration_message, new_value=true, source=unknown"}
{"logTime": "0920/055543", "level": "INFO", "message": "Preference changed: name=edge.workspaces.migration.dry_run_version, new_value=1, source=unknown"}
{"logTime": "0920/055543", "level": "INFO", "message": "Preference changed: name=smart_explore.auto_cleanup_date, new_value=\"13409467288047885\", source=unknown"}
{"logTime": "0920/055543", "level": "INFO", "message": "Preference changed: name=personalization_data_consent.how_set, new_value=2, source=unknown"}
{"logTime": "0920/055543", "level": "INFO", "message": "Preference changed: name=ntp.quick_links_options, new_value=0, source=unknown"}
{"logTime": "0920/055543", "level": "INFO", "message": "Preference changed: name=collections.prism_collections.migration.accepted, new_value=true, source=unknown"}
{"logTime": "0920/055543", "level": "INFO", "message": "Preference changed: name=browser.show_hub_apps_tower_pinned, new_value=false, source=unknown"}
{"logTime": "0920/055543", "level": "INFO", "message": "Preference changed: name=continuous_migration.active_guid, new_value=\"923b8df2-9cb9-4c1e-ac84-8ac0d9e7c3be\", source=unknown"}
{"logTime": "0920/055543", "level": "INFO", "message": "Preference changed: name=continuous_migration.equal_opt_out_users_data.detected, new_value=true, source=unknown"}
{"logTime": "0920/055543", "level": "INFO", "message": "Preference changed: name=ntp.record_user_choices, new_value=[object], source=unknown"}
{"logTime": "0920/055543", "level": "INFO", "message": "Preference changed: name=continuous_migration.equal_opt_out_users_data.disable_autolaunch_reason, new_value=5, source=unknown"}
{"logTime": "0920/055543", "level": "INFO", "message": "Preference changed: name=browser.hub_cleanup_context_v2, new_value=[object], source=unknown"}
{"logTime": "0920/055543", "level": "INFO", "message": "Preference changed: name=browser.hub_cleanup_context, new_value=[object], source=unknown"}
{"logTime": "0920/055543", "level": "INFO", "message": "Preference changed: name=surf_game.speed_highscore, new_value=-1, source=unknown"}
{"logTime": "0920/055543", "level": "INFO", "message": "Preference changed: name=edge.spaceworks.has_ever_used_spacework, new_value=true, source=unknown"}
{"logTime": "0920/055543", "level": "INFO", "message": "Preference changed: name=browser.show_toolbar_spacework_button, new_value=false, source=unknown"}
{"logTime": "0920/055543", "level": "INFO", "message": "Preference changed: name=instrumentation.ntp.layout_mode, new_value=\"extensions::NtpSettingsPrivateSetPrefFunction::Run;2\", source=unknown"}
{"logTime": "0920/055543", "level": "INFO", "message": "Preference changed: name=should_read_incoming_syncing_theme_prefs, new_value=false, source=unknown"}
{"logTime": "0920/055543", "level": "INFO", "message": "Preference changed: name=edge.workspaces.migration.last_state, new_value=9, source=unknown"}
{"logTime": "0920/055543", "level": "INFO", "message": "Preference changed: name=sync.transport_data_per_account, new_value=[object], source=unknown"}
{"logTime": "0920/055543", "level": "INFO", "message": "Preference changed: name=sync.transport_data_per_account, new_value=[object], source=unknown"}
{"logTime": "0920/055543", "level": "INFO", "message": "Preference changed: name=sync.transport_data_per_account, new_value=[object], source=unknown"}
{"logTime": "0920/055544", "level": "INFO", "message": "Preference changed: name=edge.bookmarks.last_dup_info_record_time, new_value=\"13434357344041059\", source=unknown"}
{"logTime": "0920/055546", "level": "INFO", "message": "Preference changed: name=browser.window_placement, new_value=[object], source=unknown"}
{"logTime": "0920/055546", "level": "INFO", "message": "Preference changed: name=browser.window_placement, new_value=[object], source=unknown"}
{"logTime": "0920/055546", "level": "INFO", "message": "Preference changed: name=browser.window_placement, new_value=[object], source=unknown"}
{"logTime": "0920/055547", "level": "INFO", "message": "Preference changed: name=browser.window_placement, new_value=[object], source=unknown"}
{"logTime": "0920/055548", "level": "INFO", "message": "Preference changed: name=toolbar_declutter.undo.last_time, new_value=\"13434357348546982\", source=unknown"}
{"logTime": "0920/055548", "level": "INFO", "message": "Preference changed: name=toolbar_declutter.new_user_cleanup_triggered, new_value=true, source=unknown"}
{"logTime": "0920/055548", "level": "INFO", "message": "Preference changed: name=in_product_help.session_last_active_time, new_value=\"13434357347564843\", source=unknown"}
{"logTime": "0920/055550", "level": "INFO", "message": "Preference changed: name=extensions.settings, new_value=[object], source=unknown"}
{"logTime": "0920/055553", "level": "INFO", "message": "Preference changed: name=sync.transport_data_per_account, new_value=[object], source=unknown"}
{"logTime": "0920/055553", "level": "INFO", "message": "Preference changed: name=sync.transport_data_per_account, new_value=[object], source=unknown"}
{"logTime": "0920/055553", "level": "INFO", "message": "Preference changed: name=sync.transport_data_per_account, new_value=[object], source=unknown"}
{"logTime": "0920/055553", "level": "INFO", "message": "Preference changed: name=sync.transport_data_per_account, new_value=[object], source=unknown"}
{"logTime": "0920/055555", "level": "INFO", "message": "Preference changed: name=sync.transport_data_per_account, new_value=[object], source=unknown"}
{"logTime": "0920/055555", "level": "INFO", "message": "Preference changed: name=sync.transport_data_per_account, new_value=[object], source=unknown"}
{"logTime": "0920/055555", "level": "INFO", "message": "Preference changed: name=sync.transport_data_per_account, new_value=[object], source=unknown"}
{"logTime": "0920/055555", "level": "INFO", "message": "Preference changed: name=sync.transport_data_per_account, new_value=[object], source=unknown"}
{"logTime": "0920/055555", "level": "INFO", "message": "Preference changed: name=sync.transport_data_per_account, new_value=[object], source=unknown"}
{"logTime": "0920/055555", "level": "INFO", "message": "Preference changed: name=sync.transport_data_per_account, new_value=[object], source=unknown"}
{"logTime": "0920/055601", "level": "INFO", "message": "Preference changed: name=profile.content_settings.exceptions.site_engagement, new_value=[object], source=unknown"}
{"logTime": "0920/055601", "level": "INFO", "message": "Preference changed: name=profile.last_engagement_time, new_value=\"13434357361098039\", source=unknown"}
{"logTime": "0920/055603", "level": "INFO", "message": "Preference changed: name=edge_wallet.passwords.password_lost_report_date, new_value=\"13434357363240958\", source=unknown"}
{"logTime": "0920/055603", "level": "INFO", "message": "Preference changed: name=profile.last_time_password_store_metrics_reported, new_value=1789883763.241108, source=unknown"}
{"logTime": "0920/055603", "level": "INFO", "message": "Preference changed: name=total_passwords_available_for_account, new_value=0, source=unknown"}
{"logTime": "0920/055603", "level": "INFO", "message": "Preference changed: name=total_passwords_available_for_profile, new_value=8, source=unknown"}
{"logTime": "0920/055603", "level": "INFO", "message": "Preference changed: name=in_product_help.session_last_active_time, new_value=\"13434357363572366\", source=unknown"}
{"logTime": "0920/055603", "level": "INFO", "message": "Preference changed: name=sync.device_statistics_timestamp, new_value=\"13434357363624764\", source=unknown"}
{"logTime": "0920/055604", "level": "INFO", "message": "Preference changed: name=browser.window_placement, new_value=[object], source=unknown"}
{"logTime": "0920/055607", "level": "INFO", "message": "Preference changed: name=profile.observed_session_time, new_value=[object], source=unknown"}
{"logTime": "0920/055608", "level": "INFO", "message": "Preference changed: name=arbitration_using_experiment_config, new_value=false, source=unknown"}
{"logTime": "0920/055611", "level": "INFO", "message": "Preference changed: name=browser.edge_sidebar_visibility_debug, new_value=[object], source=unknown"}
{"logTime": "0920/055611", "level": "INFO", "message": "Preference changed: name=extensions.settings, new_value=[object], source=unknown"}
{"logTime": "0920/055611", "level": "INFO", "message": "Preference changed: name=extensions.settings, new_value=[object], source=unknown"}
{"logTime": "0920/055611", "level": "INFO", "message": "Preference changed: name=extensions.settings, new_value=[object], source=unknown"}
{"logTime": "0920/055611", "level": "INFO", "message": "Preference changed: name=extensions.settings, new_value=[object], source=unknown"}
{"logTime": "0920/055611", "level": "INFO", "message": "Preference changed: name=extensions.settings, new_value=[object], source=unknown"}
{"logTime": "0920/055611", "level": "INFO", "message": "Preference changed: name=extensions.settings, new_value=[object], source=unknown"}
{"logTime": "0920/055611", "level": "INFO", "message": "Preference changed: name=extensions.settings, new_value=[object], source=unknown"}
{"logTime": "0920/055611", "level": "INFO", "message": "Preference changed: name=extensions.settings, new_value=[object], source=unknown"}
{"logTime": "0920/055611", "level": "INFO", "message": "Preference changed: name=extensions.settings, new_value=[object], source=unknown"}
{"logTime": "0920/055611", "level": "INFO", "message": "Preference changed: name=extensions.settings, new_value=[object], source=unknown"}
{"logTime": "0920/055611", "level": "INFO", "message": "Preference changed: name=extensions.settings, new_value=[object], source=unknown"}
{"logTime": "0920/055611", "level": "INFO", "message": "Preference changed: name=extensions.settings, new_value=[object], source=unknown"}
{"logTime": "0920/055611", "level": "INFO", "message": "Preference changed: name=extensions.settings, new_value=[object], source=unknown"}
{"logTime": "0920/055611", "level": "INFO", "message": "Preference changed: name=extensions.settings, new_value=[object], source=unknown"}
{"logTime": "0920/055611", "level": "INFO", "message": "Preference changed: name=extensions.settings, new_value=[object], source=unknown"}
{"logTime": "0920/055611", "level": "INFO", "message": "Preference changed: name=extensions.settings, new_value=[object], source=unknown"}
{"logTime": "0920/055611", "level": "INFO", "message": "Preference changed: name=extensions.settings, new_value=[object], source=unknown"}
{"logTime": "0920/055611", "level": "INFO", "message": "Preference changed: name=extensions.settings, new_value=[object], source=unknown"}
{"logTime": "0920/055611", "level": "INFO", "message": "Preference changed: name=extensions.settings, new_value=[object], source=unknown"}
{"logTime": "0920/055611", "level": "INFO", "message": "Preference changed: name=extensions.settings, new_value=[object], source=unknown"}
{"logTime": "0920/055611", "level": "INFO", "message": "Preference changed: name=extensions.settings, new_value=[object], source=unknown"}
{"logTime": "0920/055611", "level": "INFO", "message": "Preference changed: name=extensions.settings, new_value=[object], source=unknown"}
{"logTime": "0920/055611", "level": "INFO", "message": "Preference changed: name=extensions.settings, new_value=[object], source=unknown"}
{"logTime": "0920/055611", "level": "INFO", "message": "Preference changed: name=extensions.settings, new_value=[object], source=unknown"}
{"logTime": "0920/055611", "level": "INFO", "message": "Preference changed: name=extensions.settings, new_value=[object], source=unknown"}
{"logTime": "0920/055611", "level": "INFO", "message": "Preference changed: name=extensions.settings, new_value=[object], source=unknown"}
{"logTime": "0920/055611", "level": "INFO", "message": "Preference changed: name=extensions.settings, new_value=[object], source=unknown"}
{"logTime": "0920/055611", "level": "INFO", "message": "Preference changed: name=extensions.settings, new_value=[object], source=unknown"}
{"logTime": "0920/055611", "level": "INFO", "message": "Preference changed: name=extensions.settings, new_value=[object], source=unknown"}
{"logTime": "0920/055611", "level": "INFO", "message": "Preference changed: name=extensions.settings, new_value=[object], source=unknown"}
{"logTime": "0920/055611", "level": "INFO", "message": "Preference changed: name=extensions.settings, new_value=[object], source=unknown"}
{"logTime": "0920/055611", "level": "INFO", "message": "Preference changed: name=extensions.settings, new_value=[object], source=unknown"}
{"logTime": "0920/055611", "level": "INFO", "message": "Preference changed: name=extensions.settings, new_value=[object], source=unknown"}
{"logTime": "0920/055611", "level": "INFO", "message": "Preference changed: name=extensions.settings, new_value=[object], source=unknown"}
{"logTime": "0920/055611", "level": "INFO", "message": "Preference changed: name=extensions.settings, new_value=[object], source=unknown"}
{"logTime": "0920/055611", "level": "INFO", "message": "Preference changed: name=extensions.settings, new_value=[object], source=unknown"}
{"logTime": "0920/055611", "level": "INFO", "message": "Preference changed: name=extensions.settings, new_value=[object], source=unknown"}
{"logTime": "0920/055611", "level": "INFO", "message": "Preference changed: name=extensions.settings, new_value=[object], source=unknown"}
{"logTime": "0920/055611", "level": "INFO", "message": "Preference changed: name=extensions.settings, new_value=[object], source=unknown"}
{"logTime": "0920/055611", "level": "INFO", "message": "Preference changed: name=extensions.settings, new_value=[object], source=unknown"}
{"logTime": "0920/055611", "level": "INFO", "message": "Preference changed: name=extensions.settings, new_value=[object], source=unknown"}
{"logTime": "0920/055611", "level": "INFO", "message": "Preference changed: name=extensions.settings, new_value=[object], source=unknown"}
{"logTime": "0920/055611", "level": "INFO", "message": "Preference changed: name=extensions.settings, new_value=[object], source=unknown"}
{"logTime": "0920/055611", "level": "INFO", "message": "Preference changed: name=extensions.settings, new_value=[object], source=unknown"}
{"logTime": "0920/055611", "level": "INFO", "message": "Preference changed: name=extensions.settings, new_value=[object], source=unknown"}
{"logTime": "0920/055611", "level": "INFO", "message": "Preference changed: name=extensions.settings, new_value=[object], source=unknown"}
{"logTime": "0920/055611", "level": "INFO", "message": "Preference changed: name=extensions.settings, new_value=[object], source=unknown"}
{"logTime": "0920/055611", "level": "INFO", "message": "Preference changed: name=extensions.settings, new_value=[object], source=unknown"}
{"logTime": "0920/055611", "level": "INFO", "message": "Preference changed: name=extensions.settings, new_value=[object], source=unknown"}
{"logTime": "0920/055611", "level": "INFO", "message": "Preference changed: name=extensions.settings, new_value=[object], source=unknown"}
{"logTime": "0920/055611", "level": "INFO", "message": "Preference changed: name=extensions.settings, new_value=[object], source=unknown"}
{"logTime": "0920/055611", "level": "INFO", "message": "Preference changed: name=extensions.settings, new_value=[object], source=unknown"}
{"logTime": "0920/055611", "level": "INFO", "message": "Preference changed: name=extensions.settings, new_value=[object], source=unknown"}
{"logTime": "0920/055611", "level": "INFO", "message": "Preference changed: name=extensions.settings, new_value=[object], source=unknown"}
{"logTime": "0920/055611", "level": "INFO", "message": "Preference changed: name=extensions.settings, new_value=[object], source=unknown"}
{"logTime": "0920/055611", "level": "INFO", "message": "Preference changed: name=extensions.settings, new_value=[object], source=unknown"}
{"logTime": "0920/055611", "level": "INFO", "message": "Preference changed: name=extensions.settings, new_value=[object], source=unknown"}
{"logTime": "0920/055611", "level": "INFO", "message": "Preference changed: name=extensions.settings, new_value=[object], source=unknown"}
{"logTime": "0920/055611", "level": "INFO", "message": "Preference changed: name=extensions.settings, new_value=[object], source=unknown"}
{"logTime": "0920/055611", "level": "INFO", "message": "Preference changed: name=extensions.settings, new_value=[object], source=unknown"}
{"logTime": "0920/055611", "level": "INFO", "message": "Preference changed: name=extensions.settings, new_value=[object], source=unknown"}
{"logTime": "0920/055611", "level": "INFO", "message": "Preference changed: name=extensions.settings, new_value=[object], source=unknown"}
{"logTime": "0920/055611", "level": "INFO", "message": "Preference changed: name=extensions.settings, new_value=[object], source=unknown"}
{"logTime": "0920/055611", "level": "INFO", "message": "Preference changed: name=extensions.settings, new_value=[object], source=unknown"}
{"logTime": "0920/055611", "level": "INFO", "message": "Preference changed: name=extensions.settings, new_value=[object], source=unknown"}
{"logTime": "0920/055611", "level": "INFO", "message": "Preference changed: name=extensions.settings, new_value=[object], source=unknown"}
{"logTime": "0920/055611", "level": "INFO", "message": "Preference changed: name=extensions.settings, new_value=[object], source=unknown"}
{"logTime": "0920/055611", "level": "INFO", "message": "Preference changed: name=extensions.settings, new_value=[object], source=unknown"}
{"logTime": "0920/055611", "level": "INFO", "message": "Preference changed: name=extensions.settings, new_value=[object], source=unknown"}
{"logTime": "0920/055611", "level": "INFO", "message": "Preference changed: name=extensions.settings, new_value=[object], source=unknown"}
{"logTime": "0920/055611", "level": "INFO", "message": "Preference changed: name=extensions.settings, new_value=[object], source=unknown"}
{"logTime": "0920/055611", "level": "INFO", "message": "Preference changed: name=extensions.settings, new_value=[object], source=unknown"}
{"logTime": "0920/055611", "level": "INFO", "message": "Preference changed: name=extensions.settings, new_value=[object], source=unknown"}
{"logTime": "0920/055611", "level": "INFO", "message": "Preference changed: name=extensions.settings, new_value=[object], source=unknown"}
{"logTime": "0920/055611", "level": "INFO", "message": "Preference changed: name=extensions.settings, new_value=[object], source=unknown"}
{"logTime": "0920/055611", "level": "INFO", "message": "Preference changed: name=extensions.settings, new_value=[object], source=unknown"}
{"logTime": "0920/055611", "level": "INFO", "message": "Preference changed: name=extensions.settings, new_value=[object], source=unknown"}
{"logTime": "0920/055611", "level": "INFO", "message": "Preference changed: name=extensions.settings, new_value=[object], source=unknown"}
{"logTime": "0920/055611", "level": "INFO", "message": "Preference changed: name=extensions.settings, new_value=[object], source=unknown"}
{"logTime": "0920/055611", "level": "INFO", "message": "Preference changed: name=extensions.settings, new_value=[object], source=unknown"}
{"logTime": "0920/055611", "level": "INFO", "message": "Preference changed: name=extensions.settings, new_value=[object], source=unknown"}
{"logTime": "0920/055611", "level": "INFO", "message": "Preference changed: name=extensions.settings, new_value=[object], source=unknown"}
{"logTime": "0920/055611", "level": "INFO", "message": "Preference changed: name=extensions.settings, new_value=[object], source=unknown"}
{"logTime": "0920/055611", "level": "INFO", "message": "Preference changed: name=extensions.settings, new_value=[object], source=unknown"}
{"logTime": "0920/055611", "level": "INFO", "message": "Preference changed: name=extensions.settings, new_value=[object], source=unknown"}
{"logTime": "0920/055611", "level": "INFO", "message": "Preference changed: name=extensions.settings, new_value=[object], source=unknown"}
{"logTime": "0920/055611", "level": "INFO", "message": "Preference changed: name=extensions.settings, new_value=[object], source=unknown"}
{"logTime": "0920/055611", "level": "INFO", "message": "Preference changed: name=extensions.settings, new_value=[object], source=unknown"}
{"logTime": "0920/055611", "level": "INFO", "message": "Preference changed: name=extensions.settings, new_value=[object], source=unknown"}
{"logTime": "0920/055611", "level": "INFO", "message": "Preference changed: name=extensions.settings, new_value=[object], source=unknown"}
{"logTime": "0920/055611", "level": "INFO", "message": "Preference changed: name=extensions.settings, new_value=[object], source=unknown"}
{"logTime": "0920/055611", "level": "INFO", "message": "Preference changed: name=extensions.settings, new_value=[object], source=unknown"}
{"logTime": "0920/055611", "level": "INFO", "message": "Preference changed: name=extensions.settings, new_value=[object], source=unknown"}
{"logTime": "0920/055611", "level": "INFO", "message": "Preference changed: name=extensions.settings, new_value=[object], source=unknown"}
{"logTime": "0920/055611", "level": "INFO", "message": "Preference changed: name=extensions.settings, new_value=[object], source=unknown"}
{"logTime": "0920/055611", "level": "INFO", "message": "Preference changed: name=extensions.settings, new_value=[object], source=unknown"}
{"logTime": "0920/055611", "level": "INFO", "message": "Preference changed: name=extensions.settings, new_value=[object], source=unknown"}
{"logTime": "0920/055611", "level": "INFO", "message": "Preference changed: name=extensions.settings, new_value=[object], source=unknown"}
{"logTime": "0920/055611", "level": "INFO", "message": "Preference changed: name=extensions.settings, new_value=[object], source=unknown"}
{"logTime": "0920/055611", "level": "INFO", "message": "Preference changed: name=extensions.settings, new_value=[object], source=unknown"}
{"logTime": "0920/055611", "level": "INFO", "message": "Preference changed: name=extensions.settings, new_value=[object], source=unknown"}
{"logTime": "0920/055611", "level": "INFO", "message": "Preference changed: name=extensions.settings, new_value=[object], source=unknown"}
{"logTime": "0920/055611", "level": "INFO", "message": "Preference changed: name=extensions.settings, new_value=[object], source=unknown"}
{"logTime": "0920/055611", "level": "INFO", "message": "Preference changed: name=extensions.settings, new_value=[object], source=unknown"}
{"logTime": "0920/055611", "level": "INFO", "message": "Preference changed: name=extensions.settings, new_value=[object], source=unknown"}
{"logTime": "0920/055611", "level": "INFO", "message": "Preference changed: name=extensions.settings, new_value=[object], source=unknown"}
{"logTime": "0920/055611", "level": "INFO", "message": "Preference changed: name=extensions.settings, new_value=[object], source=unknown"}
{"logTime": "0920/055611", "level": "INFO", "message": "Preference changed: name=extensions.settings, new_value=[object], source=unknown"}
{"logTime": "0920/055611", "level": "INFO", "message": "Preference changed: name=extensions.settings, new_value=[object], source=unknown"}
{"logTime": "0920/055611", "level": "INFO", "message": "Preference changed: name=extensions.settings, new_value=[object], source=unknown"}
{"logTime": "0920/055611", "level": "INFO", "message": "Preference changed: name=browser.hub_app_non_synced_preferences, new_value=[object], source=unknown"}
{"logTime": "0920/055611", "level": "INFO", "message": "Preference changed: name=browser.hub_app_non_synced_preferences, new_value=[object], source=unknown"}
{"logTime": "0920/055611", "level": "INFO", "message": "Preference changed: name=browser.hub_app_non_synced_preferences, new_value=[object], source=unknown"}
{"logTime": "0920/055611", "level": "INFO", "message": "Preference changed: name=browser.hub_app_non_synced_preferences, new_value=[object], source=unknown"}
{"logTime": "0920/055611", "level": "INFO", "message": "Preference changed: name=browser.hub_app_non_synced_preferences, new_value=[object], source=unknown"}
{"logTime": "0920/055611", "level": "INFO", "message": "Preference changed: name=browser.hub_app_non_synced_preferences, new_value=[object], source=unknown"}
{"logTime": "0920/055611", "level": "INFO", "message": "Preference changed: name=browser.hub_app_non_synced_preferences, new_value=[object], source=unknown"}
{"logTime": "0920/055611", "level": "INFO", "message": "Preference changed: name=browser.hub_app_non_synced_preferences, new_value=[object], source=unknown"}
{"logTime": "0920/055611", "level": "INFO", "message": "Preference changed: name=browser.hub_app_non_synced_preferences, new_value=[object], source=unknown"}
{"logTime": "0920/055611", "level": "INFO", "message": "Preference changed: name=browser.hub_app_non_synced_preferences, new_value=[object], source=unknown"}
{"logTime": "0920/055611", "level": "INFO", "message": "Preference changed: name=browser.hub_app_non_synced_preferences, new_value=[object], source=unknown"}
{"logTime": "0920/055611", "level": "INFO", "message": "Preference changed: name=browser.hub_app_non_synced_preferences, new_value=[object], source=unknown"}
{"logTime": "0920/055611", "level": "INFO", "message": "Preference changed: name=browser.hub_app_non_synced_preferences, new_value=[object], source=unknown"}
{"logTime": "0920/055611", "level": "INFO", "message": "Preference changed: name=browser.hub_app_non_synced_preferences, new_value=[object], source=unknown"}
{"logTime": "0920/055611", "level": "INFO", "message": "Preference changed: name=browser.hub_app_non_synced_preferences, new_value=[object], source=unknown"}
{"logTime": "0920/055611", "level": "INFO", "message": "Preference changed: name=browser.hub_app_non_synced_preferences, new_value=[object], source=unknown"}
{"logTime": "0920/055611", "level": "INFO", "message": "Preference changed: name=browser.hub_app_non_synced_preferences, new_value=[object], source=unknown"}
{"logTime": "0920/055611", "level": "INFO", "message": "Preference changed: name=browser.hub_app_non_synced_preferences, new_value=[object], source=unknown"}
{"logTime": "0920/055611", "level": "INFO", "message": "Preference changed: name=browser.hub_app_non_synced_preferences, new_value=[object], source=unknown"}
{"logTime": "0920/055611", "level": "INFO", "message": "Preference changed: name=browser.hub_app_non_synced_preferences, new_value=[object], source=unknown"}
{"logTime": "0920/055611", "level": "INFO", "message": "Preference changed: name=browser.hub_app_non_synced_preferences, new_value=[object], source=unknown"}
{"logTime": "0920/055611", "level": "INFO", "message": "Preference changed: name=browser.hub_app_non_synced_preferences, new_value=[object], source=unknown"}
{"logTime": "0920/055611", "level": "INFO", "message": "Preference changed: name=browser.hub_app_non_synced_preferences, new_value=[object], source=unknown"}
{"logTime": "0920/055611", "level": "INFO", "message": "Preference changed: name=browser.hub_app_non_synced_preferences, new_value=[object], source=unknown"}
{"logTime": "0920/055611", "level": "INFO", "message": "Preference changed: name=browser.hub_app_non_synced_preferences, new_value=[object], source=unknown"}
{"logTime": "0920/055611", "level": "INFO", "message": "Preference changed: name=browser.hub_cleanup_candidate_list_for_debug, new_value=[object], source=unknown"}
{"logTime": "0920/055611", "level": "INFO", "message": "Preference changed: name=browser.hub_cleanup_candidate_list_for_debug, new_value=[object], source=unknown"}
{"logTime": "0920/055625", "level": "INFO", "message": "Preference changed: name=profile.content_settings.exceptions.site_engagement, new_value=[object], source=unknown"}
{"logTime": "0920/055625", "level": "INFO", "message": "Preference changed: name=profile.last_engagement_time, new_value=\"13434357385647338\", source=unknown"}
{"logTime": "0920/055628", "level": "INFO", "message": "Preference changed: name=sessions.event_log, new_value=[object], source=unknown"}
{"logTime": "0920/055628", "level": "INFO", "message": "Preference changed: name=profile.exit_type, new_value=\"Normal\", source=unknown"}
{"logTime": "0920/055628", "level": "INFO", "message": "Preference changed: name=profile.edge_crash_exit_count, new_value=0, source=unknown"}
{"logTime": "0920/055628", "level": "INFO", "message": "Preference changed: name=profile.forced_shutdown_restart_apps, new_value=false, source=unknown"}
{"logTime": "0920/055628", "level": "INFO", "message": "Preference changed: name=profile.content_settings.exceptions.media_engagement, new_value=[object], source=unknown"}
{"logTime": "0920/055628", "level": "INFO", "message": "Preference changed: name=browser.time_of_last_normal_window_close, new_value=\"13434357388235703\", source=unknown"}
{"logTime": "0920/055628", "level": "INFO", "message": "Preference changed: name=profile.observed_session_time, new_value=[object], source=unknown"}
{"logTime": "0920/055628", "level": "INFO", "message": "Preference changed: name=sessions.session_data_status, new_value=2, source=unknown"}
{"logTime": "0920/055628", "level": "INFO", "message": "Preference changed: name=sessions.session_data_status, new_value=3, source=unknown"}
{"logTime": "0920/055628", "level": "INFO", "message": "Preference changed: name=tab_groups, new_value=[object], source=unknown"}
{"logTime": "0920/055628", "level": "INFO", "message": "Preference changed: name=browser.window_placement, new_value=[object], source=unknown"}
{"logTime": "0920/055628", "level": "INFO", "message": "Preference changed: name=browser.window_placement, new_value=[object], source=unknown"}
{"logTime": "0920/055628", "level": "INFO", "message": "Preference changed: name=browser.window_placement, new_value=[object], source=unknown"}
{"logTime": "0920/055628", "level": "INFO", "message": "Preference changed: name=edge.workspaces.state, new_value=\"{\\\"edgeWorkspacePrefsVersion\\\":2,\\\"enableFluid\\\":true,\\\"failedRestartSpaceId\\\":\\\"\\\",\\\"failedToConnectToFluid\\\":false,\\\"fluidMigrationStatus\\\":false,\\\"fluidStatus\\\":0,\\\"fre_shown\\\":false,\\\"fromCache\\\":false,\\\"isFluidPreferencesConnected\\\":false,\\\"isSpaceOpening\\\":false,\\\"openingSpaceId\\\":\\\"\\\",\\\"statusForScreenReaders\\\":\\\"\\\",\\\"workspacePopupMode\\\":0,\\\"workspacesForExternalLinks\\\":[]}\", source=unknown"}
{"logTime": "0920/055736", "level": "INFO", "message": "UserPrefStore loaded: error=NONE (0)"}
{"logTime": "0920/055736", "level": "INFO", "message": "Preference changed: name=optimization_guide.previously_registered_optimization_types, new_value=[object], source=unknown"}
{"logTime": "0920/055736", "level": "INFO", "message": "Preference changed: name=extensions.chrome_url_overrides, new_value=[object], source=unknown"}
{"logTime": "0920/055736", "level": "INFO", "message": "Preference changed: name=sessions.session_data_status, new_value=1, source=unknown"}
{"logTime": "0920/055736", "level": "INFO", "message": "Preference changed: name=sessions.event_log, new_value=[object], source=unknown"}
{"logTime": "0920/055736", "level": "INFO", "message": "Preference changed: name=optimization_guide.previously_registered_optimization_types, new_value=[object], source=unknown"}
{"logTime": "0920/055736", "level": "INFO", "message": "Preference changed: name=optimization_guide.previously_registered_optimization_types, new_value=[object], source=unknown"}
{"logTime": "0920/055736", "level": "INFO", "message": "Preference changed: name=optimization_guide.previously_registered_optimization_types, new_value=[object], source=unknown"}
{"logTime": "0920/055736", "level": "INFO", "message": "Preference changed: name=browser.edge_sidebar_visibility, new_value=[object], source=unknown"}
{"logTime": "0920/055736", "level": "INFO", "message": "Preference changed: name=browser.edge_sidebar_visibility, new_value=[object], source=unknown"}
{"logTime": "0920/055736", "level": "INFO", "message": "Preference changed: name=browser.show_toolbar_spacework_button, new_value=false, source=unknown"}
{"logTime": "0920/055736", "level": "INFO", "message": "Preference changed: name=optimization_guide.previously_registered_optimization_types, new_value=[object], source=unknown"}
{"logTime": "0920/055736", "level": "INFO", "message": "Preference changed: name=optimization_guide.previously_registered_optimization_types, new_value=[object], source=unknown"}
{"logTime": "0920/055736", "level": "INFO", "message": "Preference changed: name=edge_pinning_campaign.precomputed_campaign_data, new_value=[object], source=unknown"}
{"logTime": "0920/055736", "level": "INFO", "message": "Preference changed: name=profile.network_pbs, new_value=[object], source=unknown"}
{"logTime": "0920/055736", "level": "INFO", "message": "Preference changed: name=profile.password_hash_data_list, new_value=[object], source=unknown"}
{"logTime": "0920/055736", "level": "INFO", "message": "Preference changed: name=optimization_guide.previously_registered_optimization_types, new_value=[object], source=unknown"}
{"logTime": "0920/055737", "level": "INFO", "message": "Preference changed: name=in_product_help.session_last_active_time, new_value=\"13434357457003121\", source=unknown"}
{"logTime": "0920/055737", "level": "INFO", "message": "Preference changed: name=edge_rewards.hva_promotions, new_value=[object], source=unknown"}
{"logTime": "0920/055737", "level": "INFO", "message": "Preference changed: name=optimization_guide.previously_registered_optimization_types, new_value=[object], source=unknown"}
{"logTime": "0920/055737", "level": "INFO", "message": "Preference changed: name=collections.prism_collections.policy.cached, new_value=0, source=unknown"}
{"logTime": "0920/055737", "level": "INFO", "message": "Preference changed: name=profile.content_settings.exceptions.storage_access_header_origin_trial, new_value=[object], source=unknown"}
{"logTime": "0920/055737", "level": "INFO", "message": "Preference changed: name=edge_rewards.cache_data, new_value=\"CAA=\", source=unknown"}
{"logTime": "0920/055737", "level": "INFO", "message": "Preference changed: name=schedule_to_flush_to_disk, new_value=\"13434357457221832\", source=unknown"}
{"logTime": "0920/055737", "level": "INFO", "message": "Preference changed: name=edge.services.last_username, new_value=\"\", source=unknown"}
{"logTime": "0920/055737", "level": "INFO", "message": "Preference changed: name=google.services.last_signed_in_username, new_value=\"\", source=unknown"}
{"logTime": "0920/055737", "level": "INFO", "message": "Preference changed: name=schedule_to_flush_to_disk, new_value=\"0\", source=unknown"}
{"logTime": "0920/055737", "level": "INFO", "message": "Preference changed: name=extensions.settings, new_value=[object], source=unknown"}
{"logTime": "0920/055737", "level": "INFO", "message": "Preference changed: name=edge.services.account_id, new_value=\"\", source=unknown"}
{"logTime": "0920/055737", "level": "INFO", "message": "Preference changed: name=prefs.tracked_preferences_reset, new_value=[object], source=unknown"}
{"logTime": "0920/055737", "level": "INFO", "message": "Preference changed: name=prefs.preference_encrypted_reset_time, new_value=\"13434357457230114\", source=unknown"}
{"logTime": "0920/055737", "level": "INFO", "message": "Preference changed: name=prefs.preference_reset_time, new_value=\"13434357457230268\", source=unknown"}
{"logTime": "0920/055737", "level": "INFO", "message": "Preference changed: name=prefs.tracked_preferences_reset, new_value=[object], source=unknown"}
{"logTime": "0920/055737", "level": "INFO", "message": "Preference changed: name=account_info, new_value=[object], source=unknown"}
{"logTime": "0920/055737", "level": "INFO", "message": "Preference changed: name=safebrowsing.advanced_protection_last_refresh, new_value=\"13434357457234473\", source=unknown"}
{"logTime": "0920/055737", "level": "INFO", "message": "Preference changed: name=optimization_guide.previously_registered_optimization_types, new_value=[object], source=unknown"}
{"logTime": "0920/055737", "level": "INFO", "message": "Preference changed: name=extensions.chrome_url_overrides, new_value=[object], source=unknown"}
{"logTime": "0920/055737", "level": "INFO", "message": "Preference changed: name=profile.edge_user_with_non_zero_passwords, new_value=false, source=unknown"}
{"logTime": "0920/055737", "level": "INFO", "message": "Preference changed: name=profile.edge_user_with_non_zero_passwords, new_value=true, source=unknown"}
{"logTime": "0920/055737", "level": "INFO", "message": "Preference changed: name=browser.edge_sidebar_visibility_debug, new_value=[object], source=unknown"}
{"logTime": "0920/055737", "level": "INFO", "message": "Preference changed: name=extensions.settings, new_value=[object], source=unknown"}
{"logTime": "0920/055737", "level": "INFO", "message": "Preference changed: name=extensions.settings, new_value=[object], source=unknown"}
{"logTime": "0920/055737", "level": "INFO", "message": "Preference changed: name=extensions.settings, new_value=[object], source=unknown"}
{"logTime": "0920/055737", "level": "INFO", "message": "Preference changed: name=extensions.settings, new_value=[object], source=unknown"}
{"logTime": "0920/055737", "level": "INFO", "message": "Preference changed: name=extensions.settings, new_value=[object], source=unknown"}
{"logTime": "0920/055737", "level": "INFO", "message": "Preference changed: name=extensions.settings, new_value=[object], source=unknown"}
{"logTime": "0920/055737", "level": "INFO", "message": "Preference changed: name=extensions.settings, new_value=[object], source=unknown"}
{"logTime": "0920/055737", "level": "INFO", "message": "Preference changed: name=extensions.settings, new_value=[object], source=unknown"}
{"logTime": "0920/055737", "level": "INFO", "message": "Preference changed: name=extensions.settings, new_value=[object], source=unknown"}
{"logTime": "0920/055737", "level": "INFO", "message": "Preference changed: name=extensions.settings, new_value=[object], source=unknown"}
{"logTime": "0920/055737", "level": "INFO", "message": "Preference changed: name=extensions.settings, new_value=[object], source=unknown"}
{"logTime": "0920/055737", "level": "INFO", "message": "Preference changed: name=extensions.settings, new_value=[object], source=unknown"}
{"logTime": "0920/055737", "level": "INFO", "message": "Preference changed: name=extensions.settings, new_value=[object], source=unknown"}
{"logTime": "0920/055737", "level": "INFO", "message": "Preference changed: name=extensions.settings, new_value=[object], source=unknown"}
{"logTime": "0920/055737", "level": "INFO", "message": "Preference changed: name=extensions.settings, new_value=[object], source=unknown"}
{"logTime": "0920/055737", "level": "INFO", "message": "Preference changed: name=extensions.settings, new_value=[object], source=unknown"}
{"logTime": "0920/055737", "level": "INFO", "message": "Preference changed: name=extensions.settings, new_value=[object], source=unknown"}
{"logTime": "0920/055737", "level": "INFO", "message": "Preference changed: name=extensions.settings, new_value=[object], source=unknown"}
{"logTime": "0920/055737", "level": "INFO", "message": "Preference changed: name=extensions.settings, new_value=[object], source=unknown"}
{"logTime": "0920/055737", "level": "INFO", "message": "Preference changed: name=extensions.settings, new_value=[object], source=unknown"}
{"logTime": "0920/055737", "level": "INFO", "message": "Preference changed: name=extensions.settings, new_value=[object], source=unknown"}
{"logTime": "0920/055737", "level": "INFO", "message": "Preference changed: name=extensions.settings, new_value=[object], source=unknown"}
{"logTime": "0920/055737", "level": "INFO", "message": "Preference changed: name=extensions.settings, new_value=[object], source=unknown"}
{"logTime": "0920/055737", "level": "INFO", "message": "Preference changed: name=extensions.settings, new_value=[object], source=unknown"}
{"logTime": "0920/055737", "level": "INFO", "message": "Preference changed: name=extensions.settings, new_value=[object], source=unknown"}
{"logTime": "0920/055737", "level": "INFO", "message": "Preference changed: name=extensions.settings, new_value=[object], source=unknown"}
{"logTime": "0920/055737", "level": "INFO", "message": "Preference changed: name=extensions.settings, new_value=[object], source=unknown"}
{"logTime": "0920/055737", "level": "INFO", "message": "Preference changed: name=extensions.settings, new_value=[object], source=unknown"}
{"logTime": "0920/055737", "level": "INFO", "message": "Preference changed: name=extensions.settings, new_value=[object], source=unknown"}
{"logTime": "0920/055737", "level": "INFO", "message": "Preference changed: name=extensions.settings, new_value=[object], source=unknown"}
{"logTime": "0920/055737", "level": "INFO", "message": "Preference changed: name=extensions.settings, new_value=[object], source=unknown"}
{"logTime": "0920/055737", "level": "INFO", "message": "Preference changed: name=extensions.settings, new_value=[object], source=unknown"}
{"logTime": "0920/055737", "level": "INFO", "message": "Preference changed: name=extensions.settings, new_value=[object], source=unknown"}
{"logTime": "0920/055737", "level": "INFO", "message": "Preference changed: name=extensions.settings, new_value=[object], source=unknown"}
{"logTime": "0920/055737", "level": "INFO", "message": "Preference changed: name=extensions.settings, new_value=[object], source=unknown"}
{"logTime": "0920/055737", "level": "INFO", "message": "Preference changed: name=extensions.settings, new_value=[object], source=unknown"}
{"logTime": "0920/055737", "level": "INFO", "message": "Preference changed: name=extensions.settings, new_value=[object], source=unknown"}
{"logTime": "0920/055737", "level": "INFO", "message": "Preference changed: name=extensions.settings, new_value=[object], source=unknown"}
{"logTime": "0920/055737", "level": "INFO", "message": "Preference changed: name=extensions.settings, new_value=[object], source=unknown"}
{"logTime": "0920/055737", "level": "INFO", "message": "Preference changed: name=extensions.settings, new_value=[object], source=unknown"}
{"logTime": "0920/055737", "level": "INFO", "message": "Preference changed: name=extensions.settings, new_value=[object], source=unknown"}
{"logTime": "0920/055737", "level": "INFO", "message": "Preference changed: name=extensions.settings, new_value=[object], source=unknown"}
{"logTime": "0920/055737", "level": "INFO", "message": "Preference changed: name=extensions.settings, new_value=[object], source=unknown"}
{"logTime": "0920/055737", "level": "INFO", "message": "Preference changed: name=extensions.settings, new_value=[object], source=unknown"}
{"logTime": "0920/055737", "level": "INFO", "message": "Preference changed: name=extensions.settings, new_value=[object], source=unknown"}
{"logTime": "0920/055737", "level": "INFO", "message": "Preference changed: name=extensions.settings, new_value=[object], source=unknown"}
{"logTime": "0920/055737", "level": "INFO", "message": "Preference changed: name=extensions.settings, new_value=[object], source=unknown"}
{"logTime": "0920/055737", "level": "INFO", "message": "Preference changed: name=extensions.settings, new_value=[object], source=unknown"}
{"logTime": "0920/055737", "level": "INFO", "message": "Preference changed: name=extensions.settings, new_value=[object], source=unknown"}
{"logTime": "0920/055737", "level": "INFO", "message": "Preference changed: name=extensions.settings, new_value=[object], source=unknown"}
{"logTime": "0920/055737", "level": "INFO", "message": "Preference changed: name=extensions.settings, new_value=[object], source=unknown"}
{"logTime": "0920/055737", "level": "INFO", "message": "Preference changed: name=extensions.settings, new_value=[object], source=unknown"}
{"logTime": "0920/055737", "level": "INFO", "message": "Preference changed: name=extensions.settings, new_value=[object], source=unknown"}
{"logTime": "0920/055737", "level": "INFO", "message": "Preference changed: name=extensions.settings, new_value=[object], source=unknown"}
{"logTime": "0920/055737", "level": "INFO", "message": "Preference changed: name=extensions.settings, new_value=[object], source=unknown"}
{"logTime": "0920/055737", "level": "INFO", "message": "Preference changed: name=extensions.settings, new_value=[object], source=unknown"}
{"logTime": "0920/055737", "level": "INFO", "message": "Preference changed: name=extensions.settings, new_value=[object], source=unknown"}
{"logTime": "0920/055737", "level": "INFO", "message": "Preference changed: name=extensions.settings, new_value=[object], source=unknown"}
{"logTime": "0920/055737", "level": "INFO", "message": "Preference changed: name=extensions.settings, new_value=[object], source=unknown"}
{"logTime": "0920/055737", "level": "INFO", "message": "Preference changed: name=extensions.settings, new_value=[object], source=unknown"}
{"logTime": "0920/055737", "level": "INFO", "message": "Preference changed: name=extensions.settings, new_value=[object], source=unknown"}
{"logTime": "0920/055737", "level": "INFO", "message": "Preference changed: name=extensions.settings, new_value=[object], source=unknown"}
{"logTime": "0920/055737", "level": "INFO", "message": "Preference changed: name=extensions.settings, new_value=[object], source=unknown"}
{"logTime": "0920/055737", "level": "INFO", "message": "Preference changed: name=extensions.settings, new_value=[object], source=unknown"}
{"logTime": "0920/055737", "level": "INFO", "message": "Preference changed: name=extensions.settings, new_value=[object], source=unknown"}
{"logTime": "0920/055737", "level": "INFO", "message": "Preference changed: name=extensions.settings, new_value=[object], source=unknown"}
{"logTime": "0920/055737", "level": "INFO", "message": "Preference changed: name=extensions.settings, new_value=[object], source=unknown"}
{"logTime": "0920/055737", "level": "INFO", "message": "Preference changed: name=extensions.settings, new_value=[object], source=unknown"}
{"logTime": "0920/055737", "level": "INFO", "message": "Preference changed: name=extensions.settings, new_value=[object], source=unknown"}
{"logTime": "0920/055737", "level": "INFO", "message": "Preference changed: name=extensions.settings, new_value=[object], source=unknown"}
{"logTime": "0920/055737", "level": "INFO", "message": "Preference changed: name=extensions.settings, new_value=[object], source=unknown"}
{"logTime": "0920/055737", "level": "INFO", "message": "Preference changed: name=extensions.settings, new_value=[object], source=unknown"}
{"logTime": "0920/055737", "level": "INFO", "message": "Preference changed: name=extensions.settings, new_value=[object], source=unknown"}
{"logTime": "0920/055737", "level": "INFO", "message": "Preference changed: name=extensions.settings, new_value=[object], source=unknown"}
{"logTime": "0920/055737", "level": "INFO", "message": "Preference changed: name=extensions.settings, new_value=[object], source=unknown"}
{"logTime": "0920/055737", "level": "INFO", "message": "Preference changed: name=extensions.settings, new_value=[object], source=unknown"}
{"logTime": "0920/055737", "level": "INFO", "message": "Preference changed: name=extensions.settings, new_value=[object], source=unknown"}
{"logTime": "0920/055737", "level": "INFO", "message": "Preference changed: name=extensions.settings, new_value=[object], source=unknown"}
{"logTime": "0920/055737", "level": "INFO", "message": "Preference changed: name=extensions.settings, new_value=[object], source=unknown"}
{"logTime": "0920/055737", "level": "INFO", "message": "Preference changed: name=extensions.settings, new_value=[object], source=unknown"}
{"logTime": "0920/055737", "level": "INFO", "message": "Preference changed: name=extensions.settings, new_value=[object], source=unknown"}
{"logTime": "0920/055737", "level": "INFO", "message": "Preference changed: name=extensions.settings, new_value=[object], source=unknown"}
{"logTime": "0920/055737", "level": "INFO", "message": "Preference changed: name=extensions.settings, new_value=[object], source=unknown"}
{"logTime": "0920/055737", "level": "INFO", "message": "Preference changed: name=extensions.settings, new_value=[object], source=unknown"}
{"logTime": "0920/055737", "level": "INFO", "message": "Preference changed: name=extensions.settings, new_value=[object], source=unknown"}
{"logTime": "0920/055737", "level": "INFO", "message": "Preference changed: name=extensions.settings, new_value=[object], source=unknown"}
{"logTime": "0920/055737", "level": "INFO", "message": "Preference changed: name=extensions.settings, new_value=[object], source=unknown"}
{"logTime": "0920/055737", "level": "INFO", "message": "Preference changed: name=extensions.settings, new_value=[object], source=unknown"}
{"logTime": "0920/055737", "level": "INFO", "message": "Preference changed: name=extensions.settings, new_value=[object], source=unknown"}
{"logTime": "0920/055737", "level": "INFO", "message": "Preference changed: name=extensions.settings, new_value=[object], source=unknown"}
{"logTime": "0920/055737", "level": "INFO", "message": "Preference changed: name=extensions.settings, new_value=[object], source=unknown"}
{"logTime": "0920/055737", "level": "INFO", "message": "Preference changed: name=extensions.settings, new_value=[object], source=unknown"}
{"logTime": "0920/055737", "level": "INFO", "message": "Preference changed: name=extensions.settings, new_value=[object], source=unknown"}
{"logTime": "0920/055737", "level": "INFO", "message": "Preference changed: name=extensions.settings, new_value=[object], source=unknown"}
{"logTime": "0920/055737", "level": "INFO", "message": "Preference changed: name=extensions.settings, new_value=[object], source=unknown"}
{"logTime": "0920/055737", "level": "INFO", "message": "Preference changed: name=extensions.settings, new_value=[object], source=unknown"}
{"logTime": "0920/055737", "level": "INFO", "message": "Preference changed: name=extensions.settings, new_value=[object], source=unknown"}
{"logTime": "0920/055737", "level": "INFO", "message": "Preference changed: name=extensions.settings, new_value=[object], source=unknown"}
{"logTime": "0920/055737", "level": "INFO", "message": "Preference changed: name=extensions.settings, new_value=[object], source=unknown"}
{"logTime": "0920/055737", "level": "INFO", "message": "Preference changed: name=extensions.settings, new_value=[object], source=unknown"}
{"logTime": "0920/055737", "level": "INFO", "message": "Preference changed: name=extensions.settings, new_value=[object], source=unknown"}
{"logTime": "0920/055737", "level": "INFO", "message": "Preference changed: name=extensions.settings, new_value=[object], source=unknown"}
{"logTime": "0920/055737", "level": "INFO", "message": "Preference changed: name=extensions.settings, new_value=[object], source=unknown"}
{"logTime": "0920/055737", "level": "INFO", "message": "Preference changed: name=extensions.settings, new_value=[object], source=unknown"}
{"logTime": "0920/055737", "level": "INFO", "message": "Preference changed: name=extensions.settings, new_value=[object], source=unknown"}
{"logTime": "0920/055737", "level": "INFO", "message": "Preference changed: name=extensions.settings, new_value=[object], source=unknown"}
{"logTime": "0920/055737", "level": "INFO", "message": "Preference changed: name=extensions.settings, new_value=[object], source=unknown"}
{"logTime": "0920/055737", "level": "INFO", "message": "Preference changed: name=extensions.settings, new_value=[object], source=unknown"}
{"logTime": "0920/055737", "level": "INFO", "message": "Preference changed: name=extensions.settings, new_value=[object], source=unknown"}
{"logTime": "0920/055737", "level": "INFO", "message": "Preference changed: name=extensions.settings, new_value=[object], source=unknown"}
{"logTime": "0920/055737", "level": "INFO", "message": "Preference changed: name=browser.hub_app_non_synced_preferences, new_value=[object], source=unknown"}
{"logTime": "0920/055737", "level": "INFO", "message": "Preference changed: name=browser.hub_app_non_synced_preferences, new_value=[object], source=unknown"}
{"logTime": "0920/055737", "level": "INFO", "message": "Preference changed: name=browser.hub_app_non_synced_preferences, new_value=[object], source=unknown"}
{"logTime": "0920/055737", "level": "INFO", "message": "Preference changed: name=browser.hub_app_non_synced_preferences, new_value=[object], source=unknown"}
{"logTime": "0920/055737", "level": "INFO", "message": "Preference changed: name=browser.hub_app_non_synced_preferences, new_value=[object], source=unknown"}
{"logTime": "0920/055737", "level": "INFO", "message": "Preference changed: name=browser.hub_app_non_synced_preferences, new_value=[object], source=unknown"}
{"logTime": "0920/055737", "level": "INFO", "message": "Preference changed: name=browser.hub_app_non_synced_preferences, new_value=[object], source=unknown"}
{"logTime": "0920/055737", "level": "INFO", "message": "Preference changed: name=browser.hub_app_non_synced_preferences, new_value=[object], source=unknown"}
{"logTime": "0920/055737", "level": "INFO", "message": "Preference changed: name=browser.hub_app_non_synced_preferences, new_value=[object], source=unknown"}
{"logTime": "0920/055737", "level": "INFO", "message": "Preference changed: name=browser.hub_app_non_synced_preferences, new_value=[object], source=unknown"}
{"logTime": "0920/055737", "level": "INFO", "message": "Preference changed: name=browser.hub_app_non_synced_preferences, new_value=[object], source=unknown"}
{"logTime": "0920/055737", "level": "INFO", "message": "Preference changed: name=browser.hub_app_non_synced_preferences, new_value=[object], source=unknown"}
{"logTime": "0920/055737", "level": "INFO", "message": "Preference changed: name=browser.hub_app_non_synced_preferences, new_value=[object], source=unknown"}
{"logTime": "0920/055737", "level": "INFO", "message": "Preference changed: name=browser.hub_app_non_synced_preferences, new_value=[object], source=unknown"}
{"logTime": "0920/055737", "level": "INFO", "message": "Preference changed: name=browser.hub_app_non_synced_preferences, new_value=[object], source=unknown"}
{"logTime": "0920/055737", "level": "INFO", "message": "Preference changed: name=browser.hub_app_non_synced_preferences, new_value=[object], source=unknown"}
{"logTime": "0920/055737", "level": "INFO", "message": "Preference changed: name=browser.hub_app_non_synced_preferences, new_value=[object], source=unknown"}
{"logTime": "0920/055737", "level": "INFO", "message": "Preference changed: name=browser.hub_app_non_synced_preferences, new_value=[object], source=unknown"}
{"logTime": "0920/055737", "level": "INFO", "message": "Preference changed: name=browser.hub_app_non_synced_preferences, new_value=[object], source=unknown"}
{"logTime": "0920/055737", "level": "INFO", "message": "Preference changed: name=browser.hub_app_non_synced_preferences, new_value=[object], source=unknown"}
{"logTime": "0920/055737", "level": "INFO", "message": "Preference changed: name=browser.hub_app_non_synced_preferences, new_value=[object], source=unknown"}
{"logTime": "0920/055737", "level": "INFO", "message": "Preference changed: name=browser.hub_app_non_synced_preferences, new_value=[object], source=unknown"}
{"logTime": "0920/055737", "level": "INFO", "message": "Preference changed: name=browser.hub_app_non_synced_preferences, new_value=[object], source=unknown"}
{"logTime": "0920/055737", "level": "INFO", "message": "Preference changed: name=browser.hub_app_non_synced_preferences, new_value=[object], source=unknown"}
{"logTime": "0920/055737", "level": "INFO", "message": "Preference changed: name=browser.hub_app_non_synced_preferences, new_value=[object], source=unknown"}
{"logTime": "0920/055737", "level": "INFO", "message": "Preference changed: name=browser.hub_cleanup_candidate_list_for_debug, new_value=[object], source=unknown"}
{"logTime": "0920/055737", "level": "INFO", "message": "Preference changed: name=extensions.settings, new_value=[object], source=unknown"}
{"logTime": "0920/055737", "level": "INFO", "message": "Preference changed: name=extensions.settings, new_value=[object], source=unknown"}
{"logTime": "0920/055737", "level": "INFO", "message": "Preference changed: name=extensions.settings, new_value=[object], source=unknown"}
{"logTime": "0920/055737", "level": "INFO", "message": "Preference changed: name=extensions.settings, new_value=[object], source=unknown"}
{"logTime": "0920/055737", "level": "INFO", "message": "Preference changed: name=extensions.settings, new_value=[object], source=unknown"}
{"logTime": "0920/055737", "level": "INFO", "message": "Preference changed: name=extensions.settings, new_value=[object], source=unknown"}
{"logTime": "0920/055737", "level": "INFO", "message": "Preference changed: name=extensions.settings, new_value=[object], source=unknown"}
{"logTime": "0920/055737", "level": "INFO", "message": "Preference changed: name=extensions.settings, new_value=[object], source=unknown"}
{"logTime": "0920/055737", "level": "INFO", "message": "Preference changed: name=extensions.settings, new_value=[object], source=unknown"}
{"logTime": "0920/055737", "level": "INFO", "message": "Preference changed: name=extensions.settings, new_value=[object], source=unknown"}
{"logTime": "0920/055737", "level": "INFO", "message": "Preference changed: name=extensions.settings, new_value=[object], source=unknown"}
{"logTime": "0920/055737", "level": "INFO", "message": "Preference changed: name=session.startup_urls, new_value=[object], source=unknown"}
{"logTime": "0920/055737", "level": "INFO", "message": "Preference changed: name=session.restore_on_startup, new_value=5, source=unknown"}
{"logTime": "0920/055737", "level": "INFO", "message": "Preference changed: name=sync.local_device_guids_with_timestamp, new_value=[object], source=unknown"}
{"logTime": "0920/055737", "level": "INFO", "message": "Preference changed: name=smart_explore.on_image_hover, new_value=false, source=unknown"}
{"logTime": "0920/055737", "level": "INFO", "message": "Preference changed: name=profile.exit_type, new_value=\"Crashed\", source=unknown"}
{"logTime": "0920/055737", "level": "INFO", "message": "Preference changed: name=profile.content_settings.exceptions.site_engagement, new_value=[object], source=unknown"}
{"logTime": "0920/055737", "level": "INFO", "message": "Preference changed: name=profile.last_engagement_time, new_value=\"13434357457614781\", source=unknown"}
{"logTime": "0920/055738", "level": "INFO", "message": "Preference changed: name=edge_rewards.hva_promotions, new_value=[object], source=unknown"}
{"logTime": "0920/055738", "level": "INFO", "message": "Preference changed: name=edge_rewards.hva_promotions, new_value=[object], source=unknown"}
{"logTime": "0920/055738", "level": "INFO", "message": "Preference changed: name=edge_rewards.cache_data, new_value=\"CAEQMTogCQAAAAAAAAAAEQAAAAAAAAAAGQAAAAAAAAAAIgN1c2RKAnVz\", source=unknown"}
{"logTime": "0920/055738", "level": "INFO", "message": "Preference changed: name=muid.values_seen, new_value=[object], source=unknown"}
{"logTime": "0920/055746", "level": "INFO", "message": "Preference changed: name=browser.edge_sidebar_visibility, new_value=[object], source=unknown"}
{"logTime": "0920/055746", "level": "INFO", "message": "Preference changed: name=browser.edge_sidebar_visibility, new_value=[object], source=unknown"}
{"logTime": "0920/055747", "level": "INFO", "message": "Preference changed: name=sync.transport_data_per_account, new_value=[object], source=unknown"}
{"logTime": "0920/055747", "level": "INFO", "message": "Preference changed: name=sync.transport_data_per_account, new_value=[object], source=unknown"}
{"logTime": "0920/055747", "level": "INFO", "message": "Preference changed: name=sync.local_device_guids_with_timestamp, new_value=[object], source=unknown"}
{"logTime": "0920/055747", "level": "INFO", "message": "Preference changed: name=sync.local_device_guids_with_timestamp, new_value=[object], source=unknown"}
{"logTime": "0920/055748", "level": "INFO", "message": "Preference changed: name=sync.keystore_encryption_key_state, new_value=\"eyJkb3dubG9hZF9rZXlfcmVzdWx0Ijp0cnVlLCJleHBpcmF0aW9uX3RpbWUiOjE3ODk5NzAyNjguNjEzMzYzLCJodHRwX3Jlc3BvbnNlX2NvZGUiOjIwMCwia2V5X2NvdW50Ijo1LCJrZXlfdmFsaWRhdGlvbl90aW1lIjoxNzg5ODgzNzQyLjYxODgxMSwibmV0X2Vycm9yX2NvZGUiOjEsInByb2Nlc3Nfa2V5X3Jlc3VsdCI6MCwic2V0X2tleV9yZXN1bHQiOnRydWV9\", source=unknown"}
{"logTime": "0920/055749", "level": "INFO", "message": "Preference changed: name=sync.transport_data_per_account, new_value=[object], source=unknown"}
{"logTime": "0920/055749", "level": "INFO", "message": "Preference changed: name=sync.transport_data_per_account, new_value=[object], source=unknown"}
{"logTime": "0920/055749", "level": "INFO", "message": "Preference changed: name=sync.transport_data_per_account, new_value=[object], source=unknown"}
{"logTime": "0920/055749", "level": "INFO", "message": "Preference changed: name=edge_pinning_campaign.precomputed_campaign_data, new_value=[object], source=unknown"}
{"logTime": "0920/055749", "level": "INFO", "message": "Preference changed: name=web_apps.did_migrate_default_chrome_apps, new_value=[object], source=unknown"}
{"logTime": "0920/055749", "level": "INFO", "message": "Preference changed: name=web_apps.did_migrate_default_chrome_apps, new_value=[object], source=unknown"}
{"logTime": "0920/055750", "level": "INFO", "message": "Preference changed: name=sync.transport_data_per_account, new_value=[object], source=unknown"}
{"logTime": "0920/055750", "level": "INFO", "message": "Preference changed: name=sync.transport_data_per_account, new_value=[object], source=unknown"}
{"logTime": "0920/055750", "level": "INFO", "message": "Preference changed: name=sync.transport_data_per_account, new_value=[object], source=unknown"}
{"logTime": "0920/055750", "level": "INFO", "message": "Preference changed: name=pinned_sites.pin_metadata, new_value=[object], source=unknown"}
{"logTime": "0920/055752", "level": "INFO", "message": "Preference changed: name=browser.hub_cleanup_candidate_list_for_debug, new_value=[object], source=unknown"}
{"logTime": "0920/055757", "level": "INFO", "message": "Preference changed: name=browser.edge_sidebar_visibility_debug, new_value=[object], source=unknown"}
{"logTime": "0920/055759", "level": "INFO", "message": "Preference changed: name=sessions.event_log, new_value=[object], source=unknown"}
{"logTime": "0920/055759", "level": "INFO", "message": "Preference changed: name=profile.exit_type, new_value=\"Normal\", source=unknown"}
{"logTime": "0920/055759", "level": "INFO", "message": "Preference changed: name=profile.content_settings.exceptions.media_engagement, new_value=[object], source=unknown"}
{"logTime": "0920/055759", "level": "INFO", "message": "Preference changed: name=browser.time_of_last_normal_window_close, new_value=\"13434357479612305\", source=unknown"}
{"logTime": "0920/055759", "level": "INFO", "message": "Preference changed: name=sessions.session_data_status, new_value=2, source=unknown"}
{"logTime": "0920/055759", "level": "INFO", "message": "Preference changed: name=sessions.session_data_status, new_value=3, source=unknown"}
{"logTime": "0920/055759", "level": "INFO", "message": "Preference changed: name=browser.window_placement, new_value=[object], source=unknown"}
{"logTime": "0920/055759", "level": "INFO", "message": "Preference changed: name=browser.window_placement, new_value=[object], source=unknown"}
{"logTime": "0920/055759", "level": "INFO", "message": "Preference changed: name=browser.window_placement, new_value=[object], source=unknown"}
{"logTime": "0920/061208", "level": "INFO", "message": "UserPrefStore loaded: error=NONE (0)"}
{"logTime": "0920/061208", "level": "INFO", "message": "Preference changed: name=optimization_guide.previously_registered_optimization_types, new_value=[object], source=unknown"}
{"logTime": "0920/061208", "level": "INFO", "message": "Preference changed: name=extensions.chrome_url_overrides, new_value=[object], source=unknown"}
{"logTime": "0920/061208", "level": "INFO", "message": "Preference changed: name=sessions.session_data_status, new_value=1, source=unknown"}
{"logTime": "0920/061208", "level": "INFO", "message": "Preference changed: name=sessions.event_log, new_value=[object], source=unknown"}
{"logTime": "0920/061208", "level": "INFO", "message": "Preference changed: name=optimization_guide.previously_registered_optimization_types, new_value=[object], source=unknown"}
{"logTime": "0920/061208", "level": "INFO", "message": "Preference changed: name=optimization_guide.previously_registered_optimization_types, new_value=[object], source=unknown"}
{"logTime": "0920/061208", "level": "INFO", "message": "Preference changed: name=optimization_guide.previously_registered_optimization_types, new_value=[object], source=unknown"}
{"logTime": "0920/061208", "level": "INFO", "message": "Preference changed: name=browser.edge_sidebar_visibility, new_value=[object], source=unknown"}
{"logTime": "0920/061208", "level": "INFO", "message": "Preference changed: name=browser.edge_sidebar_visibility, new_value=[object], source=unknown"}
{"logTime": "0920/061208", "level": "INFO", "message": "Preference changed: name=browser.show_toolbar_spacework_button, new_value=false, source=unknown"}
{"logTime": "0920/061208", "level": "INFO", "message": "Preference changed: name=optimization_guide.previously_registered_optimization_types, new_value=[object], source=unknown"}
{"logTime": "0920/061208", "level": "INFO", "message": "Preference changed: name=sync.edge_account_type, new_value=0, source=unknown"}
{"logTime": "0920/061208", "level": "INFO", "message": "Preference changed: name=sync.gaia_id, new_value=\"\", source=unknown"}
{"logTime": "0920/061208", "level": "INFO", "message": "Preference changed: name=sync.keystore_encryption_key_state, new_value=\"\", source=unknown"}
{"logTime": "0920/061208", "level": "INFO", "message": "Preference changed: name=sync.has_setup_completed, new_value=false, source=unknown"}
{"logTime": "0920/061208", "level": "INFO", "message": "Preference changed: name=sync.cached_passphrase_type, new_value=0, source=unknown"}
{"logTime": "0920/061208", "level": "INFO", "message": "Preference changed: name=sync.cached_trusted_vault_auto_upgrade_experiment_group, new_value=\"\", source=unknown"}
{"logTime": "0920/061208", "level": "INFO", "message": "Preference changed: name=sync.cached_persistent_auth_error, new_value=false, source=unknown"}
{"logTime": "0920/061208", "level": "INFO", "message": "Preference changed: name=optimization_guide.previously_registered_optimization_types, new_value=[object], source=unknown"}
{"logTime": "0920/061208", "level": "INFO", "message": "Preference changed: name=edge_pinning_campaign.precomputed_campaign_data, new_value=[object], source=unknown"}
{"logTime": "0920/061208", "level": "INFO", "message": "Preference changed: name=profile.network_pbs, new_value=[object], source=unknown"}
{"logTime": "0920/061208", "level": "INFO", "message": "Preference changed: name=extensions.settings, new_value=[object], source=unknown"}
{"logTime": "0920/061208", "level": "INFO", "message": "Preference changed: name=extensions.settings, new_value=[object], source=unknown"}
{"logTime": "0920/061208", "level": "INFO", "message": "Preference changed: name=extensions.settings, new_value=[object], source=unknown"}
{"logTime": "0920/061208", "level": "INFO", "message": "Preference changed: name=extensions.settings, new_value=[object], source=unknown"}
{"logTime": "0920/061208", "level": "INFO", "message": "Preference changed: name=extensions.settings, new_value=[object], source=unknown"}
{"logTime": "0920/061208", "level": "INFO", "message": "Preference changed: name=extensions.settings, new_value=[object], source=unknown"}
{"logTime": "0920/061208", "level": "INFO", "message": "Preference changed: name=extensions.settings, new_value=[object], source=unknown"}
{"logTime": "0920/061208", "level": "INFO", "message": "Preference changed: name=extensions.settings, new_value=[object], source=unknown"}
{"logTime": "0920/061208", "level": "INFO", "message": "Preference changed: name=extensions.settings, new_value=[object], source=unknown"}
{"logTime": "0920/061208", "level": "INFO", "message": "Preference changed: name=extensions.settings, new_value=[object], source=unknown"}
{"logTime": "0920/061208", "level": "INFO", "message": "Preference changed: name=extensions.settings, new_value=[object], source=unknown"}
{"logTime": "0920/061208", "level": "INFO", "message": "Preference changed: name=extensions.settings, new_value=[object], source=unknown"}
{"logTime": "0920/061208", "level": "INFO", "message": "Preference changed: name=extensions.settings, new_value=[object], source=unknown"}
{"logTime": "0920/061208", "level": "INFO", "message": "Preference changed: name=extensions.settings, new_value=[object], source=unknown"}
{"logTime": "0920/061208", "level": "INFO", "message": "Preference changed: name=extensions.settings, new_value=[object], source=unknown"}
{"logTime": "0920/061208", "level": "INFO", "message": "Preference changed: name=extensions.settings, new_value=[object], source=unknown"}
{"logTime": "0920/061208", "level": "INFO", "message": "Preference changed: name=extensions.settings, new_value=[object], source=unknown"}
{"logTime": "0920/061208", "level": "INFO", "message": "Preference changed: name=extensions.settings, new_value=[object], source=unknown"}
{"logTime": "0920/061208", "level": "INFO", "message": "Preference changed: name=extensions.settings, new_value=[object], source=unknown"}
{"logTime": "0920/061208", "level": "INFO", "message": "Preference changed: name=extensions.settings, new_value=[object], source=unknown"}
{"logTime": "0920/061208", "level": "INFO", "message": "Preference changed: name=extensions.settings, new_value=[object], source=unknown"}
{"logTime": "0920/061208", "level": "INFO", "message": "Preference changed: name=extensions.settings, new_value=[object], source=unknown"}
{"logTime": "0920/061208", "level": "INFO", "message": "Preference changed: name=extensions.settings, new_value=[object], source=unknown"}
{"logTime": "0920/061208", "level": "INFO", "message": "Preference changed: name=extensions.settings, new_value=[object], source=unknown"}
{"logTime": "0920/061208", "level": "INFO", "message": "Preference changed: name=extensions.settings, new_value=[object], source=unknown"}
{"logTime": "0920/061208", "level": "INFO", "message": "Preference changed: name=extensions.settings, new_value=[object], source=unknown"}
{"logTime": "0920/061208", "level": "INFO", "message": "Preference changed: name=extensions.settings, new_value=[object], source=unknown"}
{"logTime": "0920/061208", "level": "INFO", "message": "Preference changed: name=extensions.settings, new_value=[object], source=unknown"}
{"logTime": "0920/061208", "level": "INFO", "message": "Preference changed: name=extensions.settings, new_value=[object], source=unknown"}
{"logTime": "0920/061208", "level": "INFO", "message": "Preference changed: name=extensions.settings, new_value=[object], source=unknown"}
{"logTime": "0920/061208", "level": "INFO", "message": "Preference changed: name=extensions.settings, new_value=[object], source=unknown"}
{"logTime": "0920/061208", "level": "INFO", "message": "Preference changed: name=extensions.settings, new_value=[object], source=unknown"}
{"logTime": "0920/061208", "level": "INFO", "message": "Preference changed: name=extensions.settings, new_value=[object], source=unknown"}
{"logTime": "0920/061208", "level": "INFO", "message": "Preference changed: name=extensions.settings, new_value=[object], source=unknown"}
{"logTime": "0920/061208", "level": "INFO", "message": "Preference changed: name=extensions.settings, new_value=[object], source=unknown"}
{"logTime": "0920/061208", "level": "INFO", "message": "Preference changed: name=extensions.settings, new_value=[object], source=unknown"}
{"logTime": "0920/061208", "level": "INFO", "message": "Preference changed: name=extensions.settings, new_value=[object], source=unknown"}
{"logTime": "0920/061208", "level": "INFO", "message": "Preference changed: name=extensions.settings, new_value=[object], source=unknown"}
{"logTime": "0920/061208", "level": "INFO", "message": "Preference changed: name=extensions.settings, new_value=[object], source=unknown"}
{"logTime": "0920/061208", "level": "INFO", "message": "Preference changed: name=extensions.settings, new_value=[object], source=unknown"}
{"logTime": "0920/061208", "level": "INFO", "message": "Preference changed: name=extensions.settings, new_value=[object], source=unknown"}
{"logTime": "0920/061208", "level": "INFO", "message": "Preference changed: name=extensions.settings, new_value=[object], source=unknown"}
{"logTime": "0920/061208", "level": "INFO", "message": "Preference changed: name=extensions.settings, new_value=[object], source=unknown"}
{"logTime": "0920/061208", "level": "INFO", "message": "Preference changed: name=extensions.settings, new_value=[object], source=unknown"}
{"logTime": "0920/061208", "level": "INFO", "message": "Preference changed: name=extensions.settings, new_value=[object], source=unknown"}
{"logTime": "0920/061208", "level": "INFO", "message": "Preference changed: name=extensions.settings, new_value=[object], source=unknown"}
{"logTime": "0920/061208", "level": "INFO", "message": "Preference changed: name=extensions.settings, new_value=[object], source=unknown"}
{"logTime": "0920/061208", "level": "INFO", "message": "Preference changed: name=extensions.settings, new_value=[object], source=unknown"}
{"logTime": "0920/061208", "level": "INFO", "message": "Preference changed: name=extensions.settings, new_value=[object], source=unknown"}
{"logTime": "0920/061208", "level": "INFO", "message": "Preference changed: name=extensions.settings, new_value=[object], source=unknown"}
{"logTime": "0920/061208", "level": "INFO", "message": "Preference changed: name=extensions.settings, new_value=[object], source=unknown"}
{"logTime": "0920/061208", "level": "INFO", "message": "Preference changed: name=extensions.settings, new_value=[object], source=unknown"}
{"logTime": "0920/061208", "level": "INFO", "message": "Preference changed: name=extensions.settings, new_value=[object], source=unknown"}
{"logTime": "0920/061208", "level": "INFO", "message": "Preference changed: name=extensions.settings, new_value=[object], source=unknown"}
{"logTime": "0920/061208", "level": "INFO", "message": "Preference changed: name=extensions.settings, new_value=[object], source=unknown"}
{"logTime": "0920/061208", "level": "INFO", "message": "Preference changed: name=extensions.settings, new_value=[object], source=unknown"}
{"logTime": "0920/061208", "level": "INFO", "message": "Preference changed: name=extensions.settings, new_value=[object], source=unknown"}
{"logTime": "0920/061208", "level": "INFO", "message": "Preference changed: name=extensions.settings, new_value=[object], source=unknown"}
{"logTime": "0920/061208", "level": "INFO", "message": "Preference changed: name=extensions.settings, new_value=[object], source=unknown"}
{"logTime": "0920/061208", "level": "INFO", "message": "Preference changed: name=extensions.settings, new_value=[object], source=unknown"}
{"logTime": "0920/061208", "level": "INFO", "message": "Preference changed: name=extensions.settings, new_value=[object], source=unknown"}
{"logTime": "0920/061208", "level": "INFO", "message": "Preference changed: name=extensions.settings, new_value=[object], source=unknown"}
{"logTime": "0920/061208", "level": "INFO", "message": "Preference changed: name=extensions.settings, new_value=[object], source=unknown"}
{"logTime": "0920/061208", "level": "INFO", "message": "Preference changed: name=extensions.settings, new_value=[object], source=unknown"}
{"logTime": "0920/061208", "level": "INFO", "message": "Preference changed: name=extensions.settings, new_value=[object], source=unknown"}
{"logTime": "0920/061208", "level": "INFO", "message": "Preference changed: name=extensions.settings, new_value=[object], source=unknown"}
{"logTime": "0920/061208", "level": "INFO", "message": "Preference changed: name=extensions.settings, new_value=[object], source=unknown"}
{"logTime": "0920/061208", "level": "INFO", "message": "Preference changed: name=extensions.settings, new_value=[object], source=unknown"}
{"logTime": "0920/061208", "level": "INFO", "message": "Preference changed: name=extensions.settings, new_value=[object], source=unknown"}
{"logTime": "0920/061208", "level": "INFO", "message": "Preference changed: name=extensions.settings, new_value=[object], source=unknown"}
{"logTime": "0920/061208", "level": "INFO", "message": "Preference changed: name=extensions.settings, new_value=[object], source=unknown"}
{"logTime": "0920/061208", "level": "INFO", "message": "Preference changed: name=extensions.settings, new_value=[object], source=unknown"}
{"logTime": "0920/061208", "level": "INFO", "message": "Preference changed: name=extensions.settings, new_value=[object], source=unknown"}
{"logTime": "0920/061208", "level": "INFO", "message": "Preference changed: name=extensions.settings, new_value=[object], source=unknown"}
{"logTime": "0920/061208", "level": "INFO", "message": "Preference changed: name=extensions.settings, new_value=[object], source=unknown"}
{"logTime": "0920/061208", "level": "INFO", "message": "Preference changed: name=extensions.settings, new_value=[object], source=unknown"}
{"logTime": "0920/061208", "level": "INFO", "message": "Preference changed: name=extensions.settings, new_value=[object], source=unknown"}
{"logTime": "0920/061208", "level": "INFO", "message": "Preference changed: name=extensions.settings, new_value=[object], source=unknown"}
{"logTime": "0920/061208", "level": "INFO", "message": "Preference changed: name=extensions.settings, new_value=[object], source=unknown"}
{"logTime": "0920/061208", "level": "INFO", "message": "Preference changed: name=extensions.settings, new_value=[object], source=unknown"}
{"logTime": "0920/061208", "level": "INFO", "message": "Preference changed: name=extensions.settings, new_value=[object], source=unknown"}
{"logTime": "0920/061208", "level": "INFO", "message": "Preference changed: name=extensions.settings, new_value=[object], source=unknown"}
{"logTime": "0920/061208", "level": "INFO", "message": "Preference changed: name=extensions.settings, new_value=[object], source=unknown"}
{"logTime": "0920/061208", "level": "INFO", "message": "Preference changed: name=extensions.settings, new_value=[object], source=unknown"}
{"logTime": "0920/061208", "level": "INFO", "message": "Preference changed: name=extensions.settings, new_value=[object], source=unknown"}
{"logTime": "0920/061208", "level": "INFO", "message": "Preference changed: name=extensions.settings, new_value=[object], source=unknown"}
{"logTime": "0920/061208", "level": "INFO", "message": "Preference changed: name=extensions.settings, new_value=[object], source=unknown"}
{"logTime": "0920/061208", "level": "INFO", "message": "Preference changed: name=extensions.settings, new_value=[object], source=unknown"}
{"logTime": "0920/061208", "level": "INFO", "message": "Preference changed: name=extensions.settings, new_value=[object], source=unknown"}
{"logTime": "0920/061208", "level": "INFO", "message": "Preference changed: name=extensions.settings, new_value=[object], source=unknown"}
{"logTime": "0920/061208", "level": "INFO", "message": "Preference changed: name=extensions.settings, new_value=[object], source=unknown"}
{"logTime": "0920/061208", "level": "INFO", "message": "Preference changed: name=extensions.settings, new_value=[object], source=unknown"}
{"logTime": "0920/061208", "level": "INFO", "message": "Preference changed: name=extensions.settings, new_value=[object], source=unknown"}
{"logTime": "0920/061208", "level": "INFO", "message": "Preference changed: name=profile.password_hash_data_list, new_value=[object], source=unknown"}
{"logTime": "0920/061208", "level": "INFO", "message": "Preference changed: name=optimization_guide.previously_registered_optimization_types, new_value=[object], source=unknown"}
{"logTime": "0920/061209", "level": "INFO", "message": "Preference changed: name=in_product_help.session_last_active_time, new_value=\"13434358329071873\", source=unknown"}
{"logTime": "0920/061209", "level": "INFO", "message": "Preference changed: name=edge_rewards.hva_promotions, new_value=[object], source=unknown"}
{"logTime": "0920/061209", "level": "INFO", "message": "Preference changed: name=optimization_guide.previously_registered_optimization_types, new_value=[object], source=unknown"}
{"logTime": "0920/061209", "level": "INFO", "message": "Preference changed: name=profile.content_settings.exceptions.storage_access_header_origin_trial, new_value=[object], source=unknown"}
{"logTime": "0920/061209", "level": "INFO", "message": "Preference changed: name=edge_rewards.cache_data, new_value=\"CAA=\", source=unknown"}
{"logTime": "0920/061209", "level": "INFO", "message": "Preference changed: name=schedule_to_flush_to_disk, new_value=\"13434358329245142\", source=unknown"}
{"logTime": "0920/061209", "level": "INFO", "message": "Preference changed: name=prefs.preference_reset_time, new_value=\"0\", source=unknown"}
{"logTime": "0920/061209", "level": "INFO", "message": "Preference changed: name=extensions.settings, new_value=[object], source=unknown"}
{"logTime": "0920/061209", "level": "INFO", "message": "Preference changed: name=prefs.tracked_preferences_reset, new_value=[object], source=unknown"}
{"logTime": "0920/061209", "level": "INFO", "message": "Preference changed: name=prefs.preference_encrypted_reset_time, new_value=\"13434358329249508\", source=unknown"}
{"logTime": "0920/061209", "level": "INFO", "message": "Preference changed: name=prefs.preference_reset_time, new_value=\"13434358329249534\", source=unknown"}
{"logTime": "0920/061209", "level": "INFO", "message": "Preference changed: name=prefs.tracked_preferences_reset, new_value=[object], source=unknown"}
{"logTime": "0920/061209", "level": "INFO", "message": "Preference changed: name=account_info, new_value=[object], source=unknown"}
{"logTime": "0920/061209", "level": "INFO", "message": "Preference changed: name=extensions.settings, new_value=[object], source=unknown"}
{"logTime": "0920/061209", "level": "INFO", "message": "Preference changed: name=extensions.settings, new_value=[object], source=unknown"}
{"logTime": "0920/061209", "level": "INFO", "message": "Preference changed: name=extensions.settings, new_value=[object], source=unknown"}
{"logTime": "0920/061209", "level": "INFO", "message": "Preference changed: name=extensions.settings, new_value=[object], source=unknown"}
{"logTime": "0920/061209", "level": "INFO", "message": "Preference changed: name=extensions.settings, new_value=[object], source=unknown"}
{"logTime": "0920/061209", "level": "INFO", "message": "Preference changed: name=extensions.settings, new_value=[object], source=unknown"}
{"logTime": "0920/061209", "level": "INFO", "message": "Preference changed: name=extensions.settings, new_value=[object], source=unknown"}
{"logTime": "0920/061209", "level": "INFO", "message": "Preference changed: name=extensions.settings, new_value=[object], source=unknown"}
{"logTime": "0920/061209", "level": "INFO", "message": "Preference changed: name=extensions.settings, new_value=[object], source=unknown"}
{"logTime": "0920/061209", "level": "INFO", "message": "Preference changed: name=extensions.settings, new_value=[object], source=unknown"}
{"logTime": "0920/061209", "level": "INFO", "message": "Preference changed: name=extensions.settings, new_value=[object], source=unknown"}
{"logTime": "0920/061209", "level": "INFO", "message": "Preference changed: name=extensions.settings, new_value=[object], source=unknown"}
{"logTime": "0920/061209", "level": "INFO", "message": "Preference changed: name=extensions.settings, new_value=[object], source=unknown"}
{"logTime": "0920/061209", "level": "INFO", "message": "Preference changed: name=extensions.settings, new_value=[object], source=unknown"}
{"logTime": "0920/061209", "level": "INFO", "message": "Preference changed: name=extensions.settings, new_value=[object], source=unknown"}
{"logTime": "0920/061209", "level": "INFO", "message": "Preference changed: name=extensions.settings, new_value=[object], source=unknown"}
{"logTime": "0920/061209", "level": "INFO", "message": "Preference changed: name=extensions.settings, new_value=[object], source=unknown"}
{"logTime": "0920/061209", "level": "INFO", "message": "Preference changed: name=extensions.settings, new_value=[object], source=unknown"}
{"logTime": "0920/061209", "level": "INFO", "message": "Preference changed: name=extensions.chrome_url_overrides, new_value=[object], source=unknown"}
{"logTime": "0920/061209", "level": "INFO", "message": "Preference changed: name=profile.content_settings.exceptions.site_engagement, new_value=[object], source=unknown"}
{"logTime": "0920/061209", "level": "INFO", "message": "Preference changed: name=profile.content_settings.exceptions.site_engagement, new_value=[object], source=unknown"}
{"logTime": "0920/061209", "level": "INFO", "message": "Preference changed: name=profile.content_settings.exceptions.site_engagement, new_value=[object], source=unknown"}
{"logTime": "0920/061209", "level": "INFO", "message": "Preference changed: name=profile.content_settings.exceptions.site_engagement, new_value=[object], source=unknown"}
{"logTime": "0920/061209", "level": "INFO", "message": "Preference changed: name=profile.content_settings.exceptions.site_engagement, new_value=[object], source=unknown"}
{"logTime": "0920/061209", "level": "INFO", "message": "Preference changed: name=profile.content_settings.exceptions.site_engagement, new_value=[object], source=unknown"}
{"logTime": "0920/061209", "level": "INFO", "message": "Preference changed: name=profile.content_settings.exceptions.site_engagement, new_value=[object], source=unknown"}
{"logTime": "0920/061209", "level": "INFO", "message": "Preference changed: name=profile.content_settings.exceptions.site_engagement, new_value=[object], source=unknown"}
{"logTime": "0920/061209", "level": "INFO", "message": "Preference changed: name=profile.content_settings.exceptions.site_engagement, new_value=[object], source=unknown"}
{"logTime": "0920/061209", "level": "INFO", "message": "Preference changed: name=profile.last_engagement_time, new_value=\"13434358329392700\", source=unknown"}
{"logTime": "0920/061209", "level": "INFO", "message": "Preference changed: name=history_clusters.short_cache, new_value=[object], source=unknown"}
{"logTime": "0920/061209", "level": "INFO", "message": "Preference changed: name=history_clusters.all_cache, new_value=[object], source=unknown"}
{"logTime": "0920/061209", "level": "INFO", "message": "Preference changed: name=safebrowsing.unhandled_sync_password_reuses, new_value=[object], source=unknown"}
{"logTime": "0920/061210", "level": "INFO", "message": "Preference changed: name=profile.content_settings.exceptions.site_engagement, new_value=[object], source=unknown"}
{"logTime": "0920/061210", "level": "INFO", "message": "Preference changed: name=profile.content_settings.exceptions.site_engagement, new_value=[object], source=unknown"}
{"logTime": "0920/061210", "level": "INFO", "message": "Preference changed: name=profile.content_settings.exceptions.site_engagement, new_value=[object], source=unknown"}
{"logTime": "0920/061210", "level": "INFO", "message": "Preference changed: name=profile.last_engagement_time, new_value=\"13434358330214860\", source=unknown"}
{"logTime": "0920/061210", "level": "INFO", "message": "Preference changed: name=safebrowsing.unhandled_sync_password_reuses, new_value=[object], source=unknown"}
{"logTime": "0920/061210", "level": "INFO", "message": "Preference changed: name=profile.content_settings.exceptions.site_engagement, new_value=[object], source=unknown"}
{"logTime": "0920/061210", "level": "INFO", "message": "Preference changed: name=profile.content_settings.exceptions.site_engagement, new_value=[object], source=unknown"}
{"logTime": "0920/061210", "level": "INFO", "message": "Preference changed: name=profile.last_engagement_time, new_value=\"13434358330398807\", source=unknown"}
{"logTime": "0920/061210", "level": "INFO", "message": "Preference changed: name=safebrowsing.unhandled_sync_password_reuses, new_value=[object], source=unknown"}
{"logTime": "0920/061210", "level": "INFO", "message": "Preference changed: name=profile.content_settings.exceptions.site_engagement, new_value=[object], source=unknown"}
{"logTime": "0920/061210", "level": "INFO", "message": "Preference changed: name=profile.content_settings.exceptions.site_engagement, new_value=[object], source=unknown"}
{"logTime": "0920/061210", "level": "INFO", "message": "Preference changed: name=profile.last_engagement_time, new_value=\"13434358330578767\", source=unknown"}
{"logTime": "0920/061210", "level": "INFO", "message": "Preference changed: name=safebrowsing.unhandled_sync_password_reuses, new_value=[object], source=unknown"}
{"logTime": "0920/061210", "level": "INFO", "message": "Preference changed: name=profile.content_settings.exceptions.site_engagement, new_value=[object], source=unknown"}
{"logTime": "0920/061210", "level": "INFO", "message": "Preference changed: name=profile.last_engagement_time, new_value=\"13434358330608366\", source=unknown"}
{"logTime": "0920/061210", "level": "INFO", "message": "Preference changed: name=safebrowsing.unhandled_sync_password_reuses, new_value=[object], source=unknown"}
{"logTime": "0920/061210", "level": "INFO", "message": "Preference changed: name=profile.content_settings.exceptions.site_engagement, new_value=[object], source=unknown"}
{"logTime": "0920/061210", "level": "INFO", "message": "Preference changed: name=profile.content_settings.exceptions.site_engagement, new_value=[object], source=unknown"}
{"logTime": "0920/061210", "level": "INFO", "message": "Preference changed: name=profile.content_settings.exceptions.site_engagement, new_value=[object], source=unknown"}
{"logTime": "0920/061210", "level": "INFO", "message": "Preference changed: name=profile.last_engagement_time, new_value=\"13434358330663682\", source=unknown"}
{"logTime": "0920/061210", "level": "INFO", "message": "Preference changed: name=safebrowsing.unhandled_sync_password_reuses, new_value=[object], source=unknown"}
{"logTime": "0920/061210", "level": "INFO", "message": "Preference changed: name=smart_explore.on_image_hover, new_value=false, source=unknown"}
{"logTime": "0920/061210", "level": "INFO", "message": "Preference changed: name=profile.content_settings.exceptions.site_engagement, new_value=[object], source=unknown"}
{"logTime": "0920/061210", "level": "INFO", "message": "Preference changed: name=profile.content_settings.exceptions.site_engagement, new_value=[object], source=unknown"}
{"logTime": "0920/061210", "level": "INFO", "message": "Preference changed: name=profile.last_engagement_time, new_value=\"13434358330697221\", source=unknown"}
{"logTime": "0920/061210", "level": "INFO", "message": "Preference changed: name=safebrowsing.unhandled_sync_password_reuses, new_value=[object], source=unknown"}
{"logTime": "0920/061210", "level": "INFO", "message": "Preference changed: name=profile.content_settings.exceptions.site_engagement, new_value=[object], source=unknown"}
{"logTime": "0920/061210", "level": "INFO", "message": "Preference changed: name=profile.content_settings.exceptions.site_engagement, new_value=[object], source=unknown"}
{"logTime": "0920/061210", "level": "INFO", "message": "Preference changed: name=profile.last_engagement_time, new_value=\"13434358330745345\", source=unknown"}
{"logTime": "0920/061210", "level": "INFO", "message": "Preference changed: name=safebrowsing.unhandled_sync_password_reuses, new_value=[object], source=unknown"}
{"logTime": "0920/061210", "level": "INFO", "message": "Preference changed: name=profile.content_settings.exceptions.site_engagement, new_value=[object], source=unknown"}
{"logTime": "0920/061210", "level": "INFO", "message": "Preference changed: name=profile.content_settings.exceptions.site_engagement, new_value=[object], source=unknown"}
{"logTime": "0920/061210", "level": "INFO", "message": "Preference changed: name=profile.content_settings.exceptions.site_engagement, new_value=[object], source=unknown"}
{"logTime": "0920/061210", "level": "INFO", "message": "Preference changed: name=profile.content_settings.exceptions.site_engagement, new_value=[object], source=unknown"}
{"logTime": "0920/061210", "level": "INFO", "message": "Preference changed: name=profile.last_engagement_time, new_value=\"13434358330782852\", source=unknown"}
{"logTime": "0920/061210", "level": "INFO", "message": "Preference changed: name=safebrowsing.unhandled_sync_password_reuses, new_value=[object], source=unknown"}
{"logTime": "0920/061211", "level": "INFO", "message": "Preference changed: name=profile.last_engagement_time, new_value=\"13434358331412833\", source=unknown"}
{"logTime": "0920/061211", "level": "INFO", "message": "Preference changed: name=safebrowsing.unhandled_sync_password_reuses, new_value=[object], source=unknown"}
{"logTime": "0920/061211", "level": "INFO", "message": "Preference changed: name=extensions.settings, new_value=[object], source=unknown"}
{"logTime": "0920/061211", "level": "INFO", "message": "Preference changed: name=extensions.settings, new_value=[object], source=unknown"}
{"logTime": "0920/061211", "level": "INFO", "message": "Preference changed: name=extensions.settings, new_value=[object], source=unknown"}
{"logTime": "0920/061211", "level": "INFO", "message": "Preference changed: name=extensions.settings, new_value=[object], source=unknown"}
{"logTime": "0920/061211", "level": "INFO", "message": "Preference changed: name=extensions.settings, new_value=[object], source=unknown"}
{"logTime": "0920/061211", "level": "INFO", "message": "Preference changed: name=profile.content_settings.exceptions.site_engagement, new_value=[object], source=unknown"}
{"logTime": "0920/061211", "level": "INFO", "message": "Preference changed: name=profile.content_settings.exceptions.site_engagement, new_value=[object], source=unknown"}
{"logTime": "0920/061211", "level": "INFO", "message": "Preference changed: name=profile.last_engagement_time, new_value=\"13434358331458003\", source=unknown"}
{"logTime": "0920/061211", "level": "INFO", "message": "Preference changed: name=safebrowsing.unhandled_sync_password_reuses, new_value=[object], source=unknown"}
{"logTime": "0920/061211", "level": "INFO", "message": "Preference changed: name=extensions.settings, new_value=[object], source=unknown"}
{"logTime": "0920/061211", "level": "INFO", "message": "Preference changed: name=extensions.settings, new_value=[object], source=unknown"}
{"logTime": "0920/061211", "level": "INFO", "message": "Preference changed: name=profile.content_settings.exceptions.site_engagement, new_value=[object], source=unknown"}
{"logTime": "0920/061211", "level": "INFO", "message": "Preference changed: name=profile.last_engagement_time, new_value=\"13434358331690764\", source=unknown"}
{"logTime": "0920/061211", "level": "INFO", "message": "Preference changed: name=safebrowsing.unhandled_sync_password_reuses, new_value=[object], source=unknown"}
{"logTime": "0920/061212", "level": "INFO", "message": "Preference changed: name=profile.content_settings.exceptions.site_engagement, new_value=[object], source=unknown"}
{"logTime": "0920/061212", "level": "INFO", "message": "Preference changed: name=profile.content_settings.exceptions.site_engagement, new_value=[object], source=unknown"}
{"logTime": "0920/061212", "level": "INFO", "message": "Preference changed: name=profile.content_settings.exceptions.site_engagement, new_value=[object], source=unknown"}
{"logTime": "0920/061212", "level": "INFO", "message": "Preference changed: name=profile.content_settings.exceptions.site_engagement, new_value=[object], source=unknown"}
{"logTime": "0920/061212", "level": "INFO", "message": "Preference changed: name=profile.content_settings.exceptions.site_engagement, new_value=[object], source=unknown"}
{"logTime": "0920/061212", "level": "INFO", "message": "Preference changed: name=profile.last_engagement_time, new_value=\"13434358332186229\", source=unknown"}
{"logTime": "0920/061212", "level": "INFO", "message": "Preference changed: name=safebrowsing.unhandled_sync_password_reuses, new_value=[object], source=unknown"}
{"logTime": "0920/061212", "level": "INFO", "message": "Preference changed: name=profile.content_settings.exceptions.site_engagement, new_value=[object], source=unknown"}
{"logTime": "0920/061212", "level": "INFO", "message": "Preference changed: name=profile.content_settings.exceptions.site_engagement, new_value=[object], source=unknown"}
{"logTime": "0920/061212", "level": "INFO", "message": "Preference changed: name=profile.content_settings.exceptions.site_engagement, new_value=[object], source=unknown"}
{"logTime": "0920/061212", "level": "INFO", "message": "Preference changed: name=profile.content_settings.exceptions.site_engagement, new_value=[object], source=unknown"}
{"logTime": "0920/061212", "level": "INFO", "message": "Preference changed: name=profile.last_engagement_time, new_value=\"13434358332207359\", source=unknown"}
{"logTime": "0920/061212", "level": "INFO", "message": "Preference changed: name=safebrowsing.unhandled_sync_password_reuses, new_value=[object], source=unknown"}
{"logTime": "0920/061212", "level": "INFO", "message": "Preference changed: name=extensions.settings, new_value=[object], source=unknown"}
{"logTime": "0920/061212", "level": "INFO", "message": "Preference changed: name=extensions.settings, new_value=[object], source=unknown"}
{"logTime": "0920/061212", "level": "INFO", "message": "Preference changed: name=extensions.settings, new_value=[object], source=unknown"}
{"logTime": "0920/061212", "level": "INFO", "message": "Preference changed: name=extensions.settings, new_value=[object], source=unknown"}
{"logTime": "0920/061212", "level": "INFO", "message": "Preference changed: name=extensions.settings, new_value=[object], source=unknown"}
{"logTime": "0920/061212", "level": "INFO", "message": "Preference changed: name=extensions.settings, new_value=[object], source=unknown"}
{"logTime": "0920/061212", "level": "INFO", "message": "Preference changed: name=extensions.settings, new_value=[object], source=unknown"}
{"logTime": "0920/061212", "level": "INFO", "message": "Preference changed: name=extensions.settings, new_value=[object], source=unknown"}
{"logTime": "0920/061212", "level": "INFO", "message": "Preference changed: name=profile.content_settings.exceptions.site_engagement, new_value=[object], source=unknown"}
{"logTime": "0920/061212", "level": "INFO", "message": "Preference changed: name=profile.content_settings.exceptions.site_engagement, new_value=[object], source=unknown"}
{"logTime": "0920/061212", "level": "INFO", "message": "Preference changed: name=profile.content_settings.exceptions.site_engagement, new_value=[object], source=unknown"}
{"logTime": "0920/061212", "level": "INFO", "message": "Preference changed: name=profile.last_engagement_time, new_value=\"13434358332232208\", source=unknown"}
{"logTime": "0920/061212", "level": "INFO", "message": "Preference changed: name=safebrowsing.unhandled_sync_password_reuses, new_value=[object], source=unknown"}
{"logTime": "0920/061212", "level": "INFO", "message": "Preference changed: name=profile.content_settings.exceptions.site_engagement, new_value=[object], source=unknown"}
{"logTime": "0920/061212", "level": "INFO", "message": "Preference changed: name=profile.last_engagement_time, new_value=\"13434358332252158\", source=unknown"}
{"logTime": "0920/061212", "level": "INFO", "message": "Preference changed: name=safebrowsing.unhandled_sync_password_reuses, new_value=[object], source=unknown"}
{"logTime": "0920/061212", "level": "INFO", "message": "Preference changed: name=profile.last_engagement_time, new_value=\"13434358332273340\", source=unknown"}
{"logTime": "0920/061212", "level": "INFO", "message": "Preference changed: name=safebrowsing.unhandled_sync_password_reuses, new_value=[object], source=unknown"}
{"logTime": "0920/061212", "level": "INFO", "message": "Preference changed: name=profile.last_engagement_time, new_value=\"13434358332299226\", source=unknown"}
{"logTime": "0920/061212", "level": "INFO", "message": "Preference changed: name=safebrowsing.unhandled_sync_password_reuses, new_value=[object], source=unknown"}
{"logTime": "0920/061212", "level": "INFO", "message": "Preference changed: name=profile.content_settings.exceptions.site_engagement, new_value=[object], source=unknown"}
{"logTime": "0920/061212", "level": "INFO", "message": "Preference changed: name=profile.last_engagement_time, new_value=\"13434358332318795\", source=unknown"}
{"logTime": "0920/061212", "level": "INFO", "message": "Preference changed: name=safebrowsing.unhandled_sync_password_reuses, new_value=[object], source=unknown"}
{"logTime": "0920/061212", "level": "INFO", "message": "Preference changed: name=profile.content_settings.exceptions.site_engagement, new_value=[object], source=unknown"}
{"logTime": "0920/061212", "level": "INFO", "message": "Preference changed: name=profile.last_engagement_time, new_value=\"13434358332339677\", source=unknown"}
{"logTime": "0920/061212", "level": "INFO", "message": "Preference changed: name=safebrowsing.unhandled_sync_password_reuses, new_value=[object], source=unknown"}
{"logTime": "0920/061212", "level": "INFO", "message": "Preference changed: name=profile.content_settings.exceptions.site_engagement, new_value=[object], source=unknown"}
{"logTime": "0920/061212", "level": "INFO", "message": "Preference changed: name=profile.content_settings.exceptions.site_engagement, new_value=[object], source=unknown"}
{"logTime": "0920/061212", "level": "INFO", "message": "Preference changed: name=profile.last_engagement_time, new_value=\"13434358332364503\", source=unknown"}
{"logTime": "0920/061212", "level": "INFO", "message": "Preference changed: name=safebrowsing.unhandled_sync_password_reuses, new_value=[object], source=unknown"}
{"logTime": "0920/061212", "level": "INFO", "message": "Preference changed: name=profile.content_settings.exceptions.site_engagement, new_value=[object], source=unknown"}
{"logTime": "0920/061212", "level": "INFO", "message": "Preference changed: name=profile.last_engagement_time, new_value=\"13434358332385464\", source=unknown"}
{"logTime": "0920/061212", "level": "INFO", "message": "Preference changed: name=safebrowsing.unhandled_sync_password_reuses, new_value=[object], source=unknown"}
{"logTime": "0920/061212", "level": "INFO", "message": "Preference changed: name=profile.content_settings.exceptions.site_engagement, new_value=[object], source=unknown"}
{"logTime": "0920/061212", "level": "INFO", "message": "Preference changed: name=profile.content_settings.exceptions.site_engagement, new_value=[object], source=unknown"}
{"logTime": "0920/061212", "level": "INFO", "message": "Preference changed: name=profile.last_engagement_time, new_value=\"13434358332406895\", source=unknown"}
{"logTime": "0920/061212", "level": "INFO", "message": "Preference changed: name=safebrowsing.unhandled_sync_password_reuses, new_value=[object], source=unknown"}
{"logTime": "0920/061212", "level": "INFO", "message": "Preference changed: name=profile.last_engagement_time, new_value=\"13434358332429607\", source=unknown"}
{"logTime": "0920/061212", "level": "INFO", "message": "Preference changed: name=safebrowsing.unhandled_sync_password_reuses, new_value=[object], source=unknown"}
{"logTime": "0920/061212", "level": "INFO", "message": "Preference changed: name=profile.content_settings.exceptions.site_engagement, new_value=[object], source=unknown"}
{"logTime": "0920/061212", "level": "INFO", "message": "Preference changed: name=profile.content_settings.exceptions.site_engagement, new_value=[object], source=unknown"}
{"logTime": "0920/061212", "level": "INFO", "message": "Preference changed: name=profile.last_engagement_time, new_value=\"13434358332451660\", source=unknown"}
{"logTime": "0920/061212", "level": "INFO", "message": "Preference changed: name=safebrowsing.unhandled_sync_password_reuses, new_value=[object], source=unknown"}
{"logTime": "0920/061212", "level": "INFO", "message": "Preference changed: name=profile.content_settings.exceptions.site_engagement, new_value=[object], source=unknown"}
{"logTime": "0920/061212", "level": "INFO", "message": "Preference changed: name=profile.content_settings.exceptions.site_engagement, new_value=[object], source=unknown"}
{"logTime": "0920/061212", "level": "INFO", "message": "Preference changed: name=profile.last_engagement_time, new_value=\"13434358332472546\", source=unknown"}
{"logTime": "0920/061212", "level": "INFO", "message": "Preference changed: name=safebrowsing.unhandled_sync_password_reuses, new_value=[object], source=unknown"}
{"logTime": "0920/061212", "level": "INFO", "message": "Preference changed: name=profile.content_settings.exceptions.site_engagement, new_value=[object], source=unknown"}
{"logTime": "0920/061212", "level": "INFO", "message": "Preference changed: name=profile.content_settings.exceptions.site_engagement, new_value=[object], source=unknown"}
{"logTime": "0920/061212", "level": "INFO", "message": "Preference changed: name=profile.content_settings.exceptions.site_engagement, new_value=[object], source=unknown"}
{"logTime": "0920/061212", "level": "INFO", "message": "Preference changed: name=profile.last_engagement_time, new_value=\"13434358332495060\", source=unknown"}
{"logTime": "0920/061212", "level": "INFO", "message": "Preference changed: name=safebrowsing.unhandled_sync_password_reuses, new_value=[object], source=unknown"}
{"logTime": "0920/061212", "level": "INFO", "message": "Preference changed: name=profile.content_settings.exceptions.site_engagement, new_value=[object], source=unknown"}
{"logTime": "0920/061212", "level": "INFO", "message": "Preference changed: name=profile.content_settings.exceptions.site_engagement, new_value=[object], source=unknown"}
{"logTime": "0920/061212", "level": "INFO", "message": "Preference changed: name=profile.last_engagement_time, new_value=\"13434358332514824\", source=unknown"}
{"logTime": "0920/061212", "level": "INFO", "message": "Preference changed: name=safebrowsing.unhandled_sync_password_reuses, new_value=[object], source=unknown"}
{"logTime": "0920/061212", "level": "INFO", "message": "Preference changed: name=profile.content_settings.exceptions.site_engagement, new_value=[object], source=unknown"}
{"logTime": "0920/061212", "level": "INFO", "message": "Preference changed: name=profile.content_settings.exceptions.site_engagement, new_value=[object], source=unknown"}
{"logTime": "0920/061212", "level": "INFO", "message": "Preference changed: name=profile.content_settings.exceptions.site_engagement, new_value=[object], source=unknown"}
{"logTime": "0920/061212", "level": "INFO", "message": "Preference changed: name=profile.content_settings.exceptions.site_engagement, new_value=[object], source=unknown"}
{"logTime": "0920/061212", "level": "INFO", "message": "Preference changed: name=profile.last_engagement_time, new_value=\"13434358332536363\", source=unknown"}
{"logTime": "0920/061212", "level": "INFO", "message": "Preference changed: name=safebrowsing.unhandled_sync_password_reuses, new_value=[object], source=unknown"}
{"logTime": "0920/061212", "level": "INFO", "message": "Preference changed: name=profile.content_settings.exceptions.site_engagement, new_value=[object], source=unknown"}
{"logTime": "0920/061212", "level": "INFO", "message": "Preference changed: name=profile.content_settings.exceptions.site_engagement, new_value=[object], source=unknown"}
{"logTime": "0920/061212", "level": "INFO", "message": "Preference changed: name=profile.content_settings.exceptions.site_engagement, new_value=[object], source=unknown"}
{"logTime": "0920/061212", "level": "INFO", "message": "Preference changed: name=profile.content_settings.exceptions.site_engagement, new_value=[object], source=unknown"}
{"logTime": "0920/061212", "level": "INFO", "message": "Preference changed: name=profile.content_settings.exceptions.site_engagement, new_value=[object], source=unknown"}
{"logTime": "0920/061212", "level": "INFO", "message": "Preference changed: name=profile.last_engagement_time, new_value=\"13434358332556721\", source=unknown"}
{"logTime": "0920/061212", "level": "INFO", "message": "Preference changed: name=safebrowsing.unhandled_sync_password_reuses, new_value=[object], source=unknown"}
{"logTime": "0920/061212", "level": "INFO", "message": "Preference changed: name=profile.edge_user_with_non_zero_passwords, new_value=false, source=unknown"}
{"logTime": "0920/061212", "level": "INFO", "message": "Preference changed: name=profile.content_settings.exceptions.site_engagement, new_value=[object], source=unknown"}
{"logTime": "0920/061212", "level": "INFO", "message": "Preference changed: name=profile.content_settings.exceptions.site_engagement, new_value=[object], source=unknown"}
{"logTime": "0920/061212", "level": "INFO", "message": "Preference changed: name=profile.last_engagement_time, new_value=\"13434358332590514\", source=unknown"}
{"logTime": "0920/061212", "level": "INFO", "message": "Preference changed: name=safebrowsing.unhandled_sync_password_reuses, new_value=[object], source=unknown"}
{"logTime": "0920/061212", "level": "INFO", "message": "Preference changed: name=browser.edge_sidebar_visibility_debug, new_value=[object], source=unknown"}
{"logTime": "0920/061212", "level": "INFO", "message": "Preference changed: name=extensions.settings, new_value=[object], source=unknown"}
{"logTime": "0920/061212", "level": "INFO", "message": "Preference changed: name=extensions.settings, new_value=[object], source=unknown"}
{"logTime": "0920/061212", "level": "INFO", "message": "Preference changed: name=extensions.settings, new_value=[object], source=unknown"}
{"logTime": "0920/061212", "level": "INFO", "message": "Preference changed: name=extensions.settings, new_value=[object], source=unknown"}
{"logTime": "0920/061212", "level": "INFO", "message": "Preference changed: name=extensions.settings, new_value=[object], source=unknown"}
{"logTime": "0920/061212", "level": "INFO", "message": "Preference changed: name=extensions.settings, new_value=[object], source=unknown"}
{"logTime": "0920/061212", "level": "INFO", "message": "Preference changed: name=extensions.settings, new_value=[object], source=unknown"}
{"logTime": "0920/061212", "level": "INFO", "message": "Preference changed: name=extensions.settings, new_value=[object], source=unknown"}
{"logTime": "0920/061212", "level": "INFO", "message": "Preference changed: name=extensions.settings, new_value=[object], source=unknown"}
{"logTime": "0920/061212", "level": "INFO", "message": "Preference changed: name=extensions.settings, new_value=[object], source=unknown"}
{"logTime": "0920/061212", "level": "INFO", "message": "Preference changed: name=extensions.settings, new_value=[object], source=unknown"}
{"logTime": "0920/061212", "level": "INFO", "message": "Preference changed: name=extensions.settings, new_value=[object], source=unknown"}
{"logTime": "0920/061212", "level": "INFO", "message": "Preference changed: name=extensions.settings, new_value=[object], source=unknown"}
{"logTime": "0920/061212", "level": "INFO", "message": "Preference changed: name=extensions.settings, new_value=[object], source=unknown"}
{"logTime": "0920/061212", "level": "INFO", "message": "Preference changed: name=extensions.settings, new_value=[object], source=unknown"}
{"logTime": "0920/061212", "level": "INFO", "message": "Preference changed: name=extensions.settings, new_value=[object], source=unknown"}
{"logTime": "0920/061212", "level": "INFO", "message": "Preference changed: name=extensions.settings, new_value=[object], source=unknown"}
{"logTime": "0920/061212", "level": "INFO", "message": "Preference changed: name=extensions.settings, new_value=[object], source=unknown"}
{"logTime": "0920/061212", "level": "INFO", "message": "Preference changed: name=extensions.settings, new_value=[object], source=unknown"}
{"logTime": "0920/061212", "level": "INFO", "message": "Preference changed: name=extensions.settings, new_value=[object], source=unknown"}
{"logTime": "0920/061212", "level": "INFO", "message": "Preference changed: name=extensions.settings, new_value=[object], source=unknown"}
{"logTime": "0920/061212", "level": "INFO", "message": "Preference changed: name=extensions.settings, new_value=[object], source=unknown"}
{"logTime": "0920/061212", "level": "INFO", "message": "Preference changed: name=extensions.settings, new_value=[object], source=unknown"}
{"logTime": "0920/061212", "level": "INFO", "message": "Preference changed: name=extensions.settings, new_value=[object], source=unknown"}
{"logTime": "0920/061212", "level": "INFO", "message": "Preference changed: name=extensions.settings, new_value=[object], source=unknown"}
{"logTime": "0920/061212", "level": "INFO", "message": "Preference changed: name=extensions.settings, new_value=[object], source=unknown"}
{"logTime": "0920/061212", "level": "INFO", "message": "Preference changed: name=extensions.settings, new_value=[object], source=unknown"}
{"logTime": "0920/061212", "level": "INFO", "message": "Preference changed: name=extensions.settings, new_value=[object], source=unknown"}
{"logTime": "0920/061212", "level": "INFO", "message": "Preference changed: name=extensions.settings, new_value=[object], source=unknown"}
{"logTime": "0920/061212", "level": "INFO", "message": "Preference changed: name=extensions.settings, new_value=[object], source=unknown"}
{"logTime": "0920/061212", "level": "INFO", "message": "Preference changed: name=extensions.settings, new_value=[object], source=unknown"}
{"logTime": "0920/061212", "level": "INFO", "message": "Preference changed: name=extensions.settings, new_value=[object], source=unknown"}
{"logTime": "0920/061212", "level": "INFO", "message": "Preference changed: name=extensions.settings, new_value=[object], source=unknown"}
{"logTime": "0920/061212", "level": "INFO", "message": "Preference changed: name=extensions.settings, new_value=[object], source=unknown"}
{"logTime": "0920/061212", "level": "INFO", "message": "Preference changed: name=extensions.settings, new_value=[object], source=unknown"}
{"logTime": "0920/061212", "level": "INFO", "message": "Preference changed: name=extensions.settings, new_value=[object], source=unknown"}
{"logTime": "0920/061212", "level": "INFO", "message": "Preference changed: name=extensions.settings, new_value=[object], source=unknown"}
{"logTime": "0920/061212", "level": "INFO", "message": "Preference changed: name=extensions.settings, new_value=[object], source=unknown"}
{"logTime": "0920/061212", "level": "INFO", "message": "Preference changed: name=extensions.settings, new_value=[object], source=unknown"}
{"logTime": "0920/061212", "level": "INFO", "message": "Preference changed: name=extensions.settings, new_value=[object], source=unknown"}
{"logTime": "0920/061212", "level": "INFO", "message": "Preference changed: name=extensions.settings, new_value=[object], source=unknown"}
{"logTime": "0920/061212", "level": "INFO", "message": "Preference changed: name=extensions.settings, new_value=[object], source=unknown"}
{"logTime": "0920/061212", "level": "INFO", "message": "Preference changed: name=extensions.settings, new_value=[object], source=unknown"}
{"logTime": "0920/061212", "level": "INFO", "message": "Preference changed: name=extensions.settings, new_value=[object], source=unknown"}
{"logTime": "0920/061212", "level": "INFO", "message": "Preference changed: name=extensions.settings, new_value=[object], source=unknown"}
{"logTime": "0920/061212", "level": "INFO", "message": "Preference changed: name=extensions.settings, new_value=[object], source=unknown"}
{"logTime": "0920/061212", "level": "INFO", "message": "Preference changed: name=extensions.settings, new_value=[object], source=unknown"}
{"logTime": "0920/061212", "level": "INFO", "message": "Preference changed: name=extensions.settings, new_value=[object], source=unknown"}
{"logTime": "0920/061212", "level": "INFO", "message": "Preference changed: name=extensions.settings, new_value=[object], source=unknown"}
{"logTime": "0920/061212", "level": "INFO", "message": "Preference changed: name=extensions.settings, new_value=[object], source=unknown"}
{"logTime": "0920/061212", "level": "INFO", "message": "Preference changed: name=extensions.settings, new_value=[object], source=unknown"}
{"logTime": "0920/061212", "level": "INFO", "message": "Preference changed: name=extensions.settings, new_value=[object], source=unknown"}
{"logTime": "0920/061212", "level": "INFO", "message": "Preference changed: name=extensions.settings, new_value=[object], source=unknown"}
{"logTime": "0920/061212", "level": "INFO", "message": "Preference changed: name=extensions.settings, new_value=[object], source=unknown"}
{"logTime": "0920/061212", "level": "INFO", "message": "Preference changed: name=extensions.settings, new_value=[object], source=unknown"}
{"logTime": "0920/061212", "level": "INFO", "message": "Preference changed: name=extensions.settings, new_value=[object], source=unknown"}
{"logTime": "0920/061212", "level": "INFO", "message": "Preference changed: name=extensions.settings, new_value=[object], source=unknown"}
{"logTime": "0920/061212", "level": "INFO", "message": "Preference changed: name=extensions.settings, new_value=[object], source=unknown"}
{"logTime": "0920/061212", "level": "INFO", "message": "Preference changed: name=extensions.settings, new_value=[object], source=unknown"}
{"logTime": "0920/061212", "level": "INFO", "message": "Preference changed: name=extensions.settings, new_value=[object], source=unknown"}
{"logTime": "0920/061212", "level": "INFO", "message": "Preference changed: name=extensions.settings, new_value=[object], source=unknown"}
{"logTime": "0920/061212", "level": "INFO", "message": "Preference changed: name=extensions.settings, new_value=[object], source=unknown"}
{"logTime": "0920/061212", "level": "INFO", "message": "Preference changed: name=extensions.settings, new_value=[object], source=unknown"}
{"logTime": "0920/061212", "level": "INFO", "message": "Preference changed: name=extensions.settings, new_value=[object], source=unknown"}
{"logTime": "0920/061212", "level": "INFO", "message": "Preference changed: name=extensions.settings, new_value=[object], source=unknown"}
{"logTime": "0920/061212", "level": "INFO", "message": "Preference changed: name=extensions.settings, new_value=[object], source=unknown"}
{"logTime": "0920/061212", "level": "INFO", "message": "Preference changed: name=extensions.settings, new_value=[object], source=unknown"}
{"logTime": "0920/061212", "level": "INFO", "message": "Preference changed: name=extensions.settings, new_value=[object], source=unknown"}
{"logTime": "0920/061212", "level": "INFO", "message": "Preference changed: name=extensions.settings, new_value=[object], source=unknown"}
{"logTime": "0920/061212", "level": "INFO", "message": "Preference changed: name=extensions.settings, new_value=[object], source=unknown"}
{"logTime": "0920/061212", "level": "INFO", "message": "Preference changed: name=extensions.settings, new_value=[object], source=unknown"}
{"logTime": "0920/061212", "level": "INFO", "message": "Preference changed: name=extensions.settings, new_value=[object], source=unknown"}
{"logTime": "0920/061212", "level": "INFO", "message": "Preference changed: name=extensions.settings, new_value=[object], source=unknown"}
{"logTime": "0920/061212", "level": "INFO", "message": "Preference changed: name=extensions.settings, new_value=[object], source=unknown"}
{"logTime": "0920/061212", "level": "INFO", "message": "Preference changed: name=extensions.settings, new_value=[object], source=unknown"}
{"logTime": "0920/061212", "level": "INFO", "message": "Preference changed: name=extensions.settings, new_value=[object], source=unknown"}
{"logTime": "0920/061212", "level": "INFO", "message": "Preference changed: name=extensions.settings, new_value=[object], source=unknown"}
{"logTime": "0920/061212", "level": "INFO", "message": "Preference changed: name=extensions.settings, new_value=[object], source=unknown"}
{"logTime": "0920/061212", "level": "INFO", "message": "Preference changed: name=extensions.settings, new_value=[object], source=unknown"}
{"logTime": "0920/061212", "level": "INFO", "message": "Preference changed: name=extensions.settings, new_value=[object], source=unknown"}
{"logTime": "0920/061212", "level": "INFO", "message": "Preference changed: name=extensions.settings, new_value=[object], source=unknown"}
{"logTime": "0920/061212", "level": "INFO", "message": "Preference changed: name=extensions.settings, new_value=[object], source=unknown"}
{"logTime": "0920/061212", "level": "INFO", "message": "Preference changed: name=extensions.settings, new_value=[object], source=unknown"}
{"logTime": "0920/061212", "level": "INFO", "message": "Preference changed: name=extensions.settings, new_value=[object], source=unknown"}
{"logTime": "0920/061212", "level": "INFO", "message": "Preference changed: name=extensions.settings, new_value=[object], source=unknown"}
{"logTime": "0920/061212", "level": "INFO", "message": "Preference changed: name=extensions.settings, new_value=[object], source=unknown"}
{"logTime": "0920/061212", "level": "INFO", "message": "Preference changed: name=extensions.settings, new_value=[object], source=unknown"}
{"logTime": "0920/061212", "level": "INFO", "message": "Preference changed: name=extensions.settings, new_value=[object], source=unknown"}
{"logTime": "0920/061212", "level": "INFO", "message": "Preference changed: name=extensions.settings, new_value=[object], source=unknown"}
{"logTime": "0920/061212", "level": "INFO", "message": "Preference changed: name=extensions.settings, new_value=[object], source=unknown"}
{"logTime": "0920/061212", "level": "INFO", "message": "Preference changed: name=extensions.settings, new_value=[object], source=unknown"}
{"logTime": "0920/061212", "level": "INFO", "message": "Preference changed: name=extensions.settings, new_value=[object], source=unknown"}
{"logTime": "0920/061212", "level": "INFO", "message": "Preference changed: name=extensions.settings, new_value=[object], source=unknown"}
{"logTime": "0920/061212", "level": "INFO", "message": "Preference changed: name=extensions.settings, new_value=[object], source=unknown"}
{"logTime": "0920/061212", "level": "INFO", "message": "Preference changed: name=extensions.settings, new_value=[object], source=unknown"}
{"logTime": "0920/061212", "level": "INFO", "message": "Preference changed: name=extensions.settings, new_value=[object], source=unknown"}
{"logTime": "0920/061212", "level": "INFO", "message": "Preference changed: name=extensions.settings, new_value=[object], source=unknown"}
{"logTime": "0920/061212", "level": "INFO", "message": "Preference changed: name=extensions.settings, new_value=[object], source=unknown"}
{"logTime": "0920/061212", "level": "INFO", "message": "Preference changed: name=extensions.settings, new_value=[object], source=unknown"}
{"logTime": "0920/061212", "level": "INFO", "message": "Preference changed: name=extensions.settings, new_value=[object], source=unknown"}
{"logTime": "0920/061212", "level": "INFO", "message": "Preference changed: name=extensions.settings, new_value=[object], source=unknown"}
{"logTime": "0920/061212", "level": "INFO", "message": "Preference changed: name=extensions.settings, new_value=[object], source=unknown"}
{"logTime": "0920/061212", "level": "INFO", "message": "Preference changed: name=extensions.settings, new_value=[object], source=unknown"}
{"logTime": "0920/061212", "level": "INFO", "message": "Preference changed: name=extensions.settings, new_value=[object], source=unknown"}
{"logTime": "0920/061212", "level": "INFO", "message": "Preference changed: name=extensions.settings, new_value=[object], source=unknown"}
{"logTime": "0920/061212", "level": "INFO", "message": "Preference changed: name=extensions.settings, new_value=[object], source=unknown"}
{"logTime": "0920/061212", "level": "INFO", "message": "Preference changed: name=extensions.settings, new_value=[object], source=unknown"}
{"logTime": "0920/061212", "level": "INFO", "message": "Preference changed: name=extensions.settings, new_value=[object], source=unknown"}
{"logTime": "0920/061212", "level": "INFO", "message": "Preference changed: name=extensions.settings, new_value=[object], source=unknown"}
{"logTime": "0920/061212", "level": "INFO", "message": "Preference changed: name=extensions.settings, new_value=[object], source=unknown"}
{"logTime": "0920/061212", "level": "INFO", "message": "Preference changed: name=browser.hub_app_non_synced_preferences, new_value=[object], source=unknown"}
{"logTime": "0920/061212", "level": "INFO", "message": "Preference changed: name=browser.hub_app_non_synced_preferences, new_value=[object], source=unknown"}
{"logTime": "0920/061212", "level": "INFO", "message": "Preference changed: name=browser.hub_app_non_synced_preferences, new_value=[object], source=unknown"}
{"logTime": "0920/061212", "level": "INFO", "message": "Preference changed: name=browser.hub_app_non_synced_preferences, new_value=[object], source=unknown"}
{"logTime": "0920/061212", "level": "INFO", "message": "Preference changed: name=browser.hub_app_non_synced_preferences, new_value=[object], source=unknown"}
{"logTime": "0920/061212", "level": "INFO", "message": "Preference changed: name=browser.hub_app_non_synced_preferences, new_value=[object], source=unknown"}
{"logTime": "0920/061212", "level": "INFO", "message": "Preference changed: name=browser.hub_app_non_synced_preferences, new_value=[object], source=unknown"}
{"logTime": "0920/061212", "level": "INFO", "message": "Preference changed: name=browser.hub_app_non_synced_preferences, new_value=[object], source=unknown"}
{"logTime": "0920/061212", "level": "INFO", "message": "Preference changed: name=browser.hub_app_non_synced_preferences, new_value=[object], source=unknown"}
{"logTime": "0920/061212", "level": "INFO", "message": "Preference changed: name=browser.hub_app_non_synced_preferences, new_value=[object], source=unknown"}
{"logTime": "0920/061212", "level": "INFO", "message": "Preference changed: name=browser.hub_app_non_synced_preferences, new_value=[object], source=unknown"}
{"logTime": "0920/061212", "level": "INFO", "message": "Preference changed: name=browser.hub_app_non_synced_preferences, new_value=[object], source=unknown"}
{"logTime": "0920/061212", "level": "INFO", "message": "Preference changed: name=browser.hub_app_non_synced_preferences, new_value=[object], source=unknown"}
{"logTime": "0920/061212", "level": "INFO", "message": "Preference changed: name=browser.hub_app_non_synced_preferences, new_value=[object], source=unknown"}
{"logTime": "0920/061212", "level": "INFO", "message": "Preference changed: name=browser.hub_app_non_synced_preferences, new_value=[object], source=unknown"}
{"logTime": "0920/061212", "level": "INFO", "message": "Preference changed: name=browser.hub_app_non_synced_preferences, new_value=[object], source=unknown"}
{"logTime": "0920/061212", "level": "INFO", "message": "Preference changed: name=browser.hub_app_non_synced_preferences, new_value=[object], source=unknown"}
{"logTime": "0920/061212", "level": "INFO", "message": "Preference changed: name=browser.hub_app_non_synced_preferences, new_value=[object], source=unknown"}
{"logTime": "0920/061212", "level": "INFO", "message": "Preference changed: name=browser.hub_app_non_synced_preferences, new_value=[object], source=unknown"}
{"logTime": "0920/061212", "level": "INFO", "message": "Preference changed: name=browser.hub_app_non_synced_preferences, new_value=[object], source=unknown"}
{"logTime": "0920/061212", "level": "INFO", "message": "Preference changed: name=browser.hub_app_non_synced_preferences, new_value=[object], source=unknown"}
{"logTime": "0920/061212", "level": "INFO", "message": "Preference changed: name=browser.hub_app_non_synced_preferences, new_value=[object], source=unknown"}
{"logTime": "0920/061212", "level": "INFO", "message": "Preference changed: name=browser.hub_app_non_synced_preferences, new_value=[object], source=unknown"}
{"logTime": "0920/061212", "level": "INFO", "message": "Preference changed: name=browser.hub_app_non_synced_preferences, new_value=[object], source=unknown"}
{"logTime": "0920/061212", "level": "INFO", "message": "Preference changed: name=browser.hub_app_non_synced_preferences, new_value=[object], source=unknown"}
{"logTime": "0920/061212", "level": "INFO", "message": "Preference changed: name=browser.hub_cleanup_candidate_list_for_debug, new_value=[object], source=unknown"}
{"logTime": "0920/061212", "level": "INFO", "message": "Preference changed: name=browser.hub_cleanup_candidate_list_for_debug, new_value=[object], source=unknown"}
{"logTime": "0920/061212", "level": "INFO", "message": "Preference changed: name=profile.last_engagement_time, new_value=\"13434358332641677\", source=unknown"}
{"logTime": "0920/061212", "level": "INFO", "message": "Preference changed: name=safebrowsing.unhandled_sync_password_reuses, new_value=[object], source=unknown"}
{"logTime": "0920/061212", "level": "INFO", "message": "Preference changed: name=profile.content_settings.exceptions.site_engagement, new_value=[object], source=unknown"}
{"logTime": "0920/061212", "level": "INFO", "message": "Preference changed: name=profile.content_settings.exceptions.site_engagement, new_value=[object], source=unknown"}
{"logTime": "0920/061212", "level": "INFO", "message": "Preference changed: name=profile.content_settings.exceptions.site_engagement, new_value=[object], source=unknown"}
{"logTime": "0920/061212", "level": "INFO", "message": "Preference changed: name=profile.content_settings.exceptions.site_engagement, new_value=[object], source=unknown"}
{"logTime": "0920/061212", "level": "INFO", "message": "Preference changed: name=profile.last_engagement_time, new_value=\"13434358332673859\", source=unknown"}
{"logTime": "0920/061212", "level": "INFO", "message": "Preference changed: name=safebrowsing.unhandled_sync_password_reuses, new_value=[object], source=unknown"}
{"logTime": "0920/061212", "level": "INFO", "message": "Preference changed: name=profile.content_settings.exceptions.site_engagement, new_value=[object], source=unknown"}
{"logTime": "0920/061212", "level": "INFO", "message": "Preference changed: name=profile.content_settings.exceptions.site_engagement, new_value=[object], source=unknown"}
{"logTime": "0920/061212", "level": "INFO", "message": "Preference changed: name=profile.last_engagement_time, new_value=\"13434358332687734\", source=unknown"}
{"logTime": "0920/061212", "level": "INFO", "message": "Preference changed: name=safebrowsing.unhandled_sync_password_reuses, new_value=[object], source=unknown"}
{"logTime": "0920/061213", "level": "INFO", "message": "Preference changed: name=browser.window_placement, new_value=[object], source=unknown"}
{"logTime": "0920/061217", "level": "INFO", "message": "Preference changed: name=profile.edge_user_with_non_zero_passwords, new_value=true, source=unknown"}
{"logTime": "0920/061218", "level": "INFO", "message": "Preference changed: name=profile.exit_type, new_value=\"Crashed\", source=unknown"}
{"logTime": "0920/061218", "level": "INFO", "message": "Preference changed: name=profile.content_settings.exceptions.site_engagement, new_value=[object], source=unknown"}
{"logTime": "0920/061218", "level": "INFO", "message": "Preference changed: name=profile.last_engagement_time, new_value=\"13434358338248871\", source=unknown"}
{"logTime": "0920/061218", "level": "INFO", "message": "Preference changed: name=edge_pinning_campaign.precomputed_campaign_data, new_value=[object], source=unknown"}
{"logTime": "0920/061218", "level": "INFO", "message": "Preference changed: name=optimization_guide.previously_registered_optimization_types, new_value=[object], source=unknown"}
{"logTime": "0920/061218", "level": "INFO", "message": "Preference changed: name=browser.edge_sidebar_visibility, new_value=[object], source=unknown"}
{"logTime": "0920/061218", "level": "INFO", "message": "Preference changed: name=browser.edge_sidebar_visibility, new_value=[object], source=unknown"}
{"logTime": "0920/061219", "level": "INFO", "message": "Preference changed: name=web_apps.did_migrate_default_chrome_apps, new_value=[object], source=unknown"}
{"logTime": "0920/061219", "level": "INFO", "message": "Preference changed: name=web_apps.did_migrate_default_chrome_apps, new_value=[object], source=unknown"}
{"logTime": "0920/061220", "level": "INFO", "message": "Preference changed: name=account_info, new_value=[object], source=unknown"}
{"logTime": "0920/061220", "level": "INFO", "message": "Preference changed: name=edge.account_type, new_value=1, source=unknown"}
{"logTime": "0920/061220", "level": "INFO", "message": "Preference changed: name=edge.services.account_id, new_value=\"9ba4d8b94840c0be\", source=unknown"}
{"logTime": "0920/061220", "level": "INFO", "message": "Preference changed: name=google.services.consented_to_sync, new_value=true, source=unknown"}
{"logTime": "0920/061220", "level": "INFO", "message": "Preference changed: name=google.services.last_signed_in_username, new_value=\"aatifaajyoti@gmail.com\", source=unknown"}
{"logTime": "0920/061220", "level": "INFO", "message": "Preference changed: name=edge.services.last_username, new_value=\"aatifaajyoti@gmail.com\", source=unknown"}
{"logTime": "0920/061220", "level": "INFO", "message": "Preference changed: name=edge.profile_matches_os_primary_account, new_value=false, source=unknown"}
{"logTime": "0920/061220", "level": "INFO", "message": "Preference changed: name=signin.accounts_metadata_dict, new_value=[object], source=unknown"}
{"logTime": "0920/061220", "level": "INFO", "message": "Preference changed: name=edge_copilot.msa_eligibility_info, new_value=[object], source=unknown"}
{"logTime": "0920/061220", "level": "INFO", "message": "Preference changed: name=safebrowsing.advanced_protection_last_refresh, new_value=\"13434358340430261\", source=unknown"}
{"logTime": "0920/061220", "level": "INFO", "message": "Preference changed: name=google.services.signin.LAST_SIGNIN_ACCESS_POINT.time, new_value=\"2026-09-20T06:12:20.431Z\", source=unknown"}
{"logTime": "0920/061220", "level": "INFO", "message": "Preference changed: name=sync.edge_account_type, new_value=1, source=unknown"}
{"logTime": "0920/061220", "level": "INFO", "message": "Preference changed: name=edge_rewards.referral_hash, new_value=\"\", source=unknown"}
{"logTime": "0920/061220", "level": "INFO", "message": "Preference changed: name=edge_rewards.user_is_conscious, new_value=false, source=unknown"}
{"logTime": "0920/061220", "level": "INFO", "message": "Preference changed: name=browser.chat_v2.ip_eligibility_status.last_checked_time, new_value=\"11644473600000000\", source=unknown"}
{"logTime": "0920/061220", "level": "INFO", "message": "Preference changed: name=sync.has_setup_completed, new_value=true, source=unknown"}
{"logTime": "0920/061220", "level": "INFO", "message": "Preference changed: name=sync.cached_persistent_auth_error, new_value=false, source=unknown"}
{"logTime": "0920/061222", "level": "INFO", "message": "Preference changed: name=muid.values_seen, new_value=[object], source=unknown"}
{"logTime": "0920/061222", "level": "INFO", "message": "Preference changed: name=edge_rewards.hva_promotions, new_value=[object], source=unknown"}
{"logTime": "0920/061222", "level": "INFO", "message": "Preference changed: name=edge_rewards.hva_promotions, new_value=[object], source=unknown"}
{"logTime": "0920/061222", "level": "INFO", "message": "Preference changed: name=edge_rewards.user_is_conscious, new_value=true, source=unknown"}
{"logTime": "0920/061222", "level": "INFO", "message": "Preference changed: name=edge_rewards.cache_data, new_value=\"CAEQMUoCdXM=\", source=unknown"}
{"logTime": "0920/061224", "level": "INFO", "message": "Preference changed: name=in_product_help.session_last_active_time, new_value=\"13434358344072700\", source=unknown"}
{"logTime": "0920/061224", "level": "INFO", "message": "Preference changed: name=edge_copilot.msa_eligibility_info, new_value=[object], source=unknown"}
{"logTime": "0920/061224", "level": "INFO", "message": "Preference changed: name=safebrowsing.advanced_protection_last_refresh, new_value=\"13434358344472518\", source=unknown"}
{"logTime": "0920/061224", "level": "INFO", "message": "Preference changed: name=account_info, new_value=[object], source=unknown"}
{"logTime": "0920/061224", "level": "INFO", "message": "Preference changed: name=edge_rewards.referral_hash, new_value=\"3956068F\", source=unknown"}
{"logTime": "0920/061226", "level": "INFO", "message": "Preference changed: name=sync.cached_passphrase_type, new_value=2, source=unknown"}
{"logTime": "0920/061226", "level": "INFO", "message": "Preference changed: name=sync.transport_data_per_account, new_value=[object], source=unknown"}
{"logTime": "0920/061226", "level": "INFO", "message": "Preference changed: name=sync.transport_data_per_account, new_value=[object], source=unknown"}
{"logTime": "0920/061226", "level": "INFO", "message": "Preference changed: name=sync.cached_trusted_vault_auto_upgrade_experiment_group, new_value=\"\", source=unknown"}
{"logTime": "0920/061226", "level": "INFO", "message": "Preference changed: name=sync.local_device_guids_with_timestamp, new_value=[object], source=unknown"}
{"logTime": "0920/061226", "level": "INFO", "message": "Preference changed: name=sync.local_device_guids_with_timestamp, new_value=[object], source=unknown"}
{"logTime": "0920/061226", "level": "INFO", "message": "Preference changed: name=pinned_sites.pin_metadata, new_value=[object], source=unknown"}
{"logTime": "0920/061226", "level": "INFO", "message": "Preference changed: name=extensions.settings, new_value=[object], source=unknown"}
{"logTime": "0920/061227", "level": "INFO", "message": "Preference changed: name=sync.keystore_encryption_key_state, new_value=\"eyJkb3dubG9hZF9rZXlfcmVzdWx0Ijp0cnVlLCJleHBpcmF0aW9uX3RpbWUiOjE3ODk5NzExNDcuNDkwODUzLCJodHRwX3Jlc3BvbnNlX2NvZGUiOjIwMCwia2V5X2NvdW50Ijo1LCJrZXlfdmFsaWRhdGlvbl90aW1lIjowLjAsIm5ldF9lcnJvcl9jb2RlIjoxLCJwcm9jZXNzX2tleV9yZXN1bHQiOjAsInNldF9rZXlfcmVzdWx0Ijp0cnVlfQ==\", source=unknown"}
{"logTime": "0920/061229", "level": "INFO", "message": "Preference changed: name=sync.transport_data_per_account, new_value=[object], source=unknown"}
{"logTime": "0920/061229", "level": "INFO", "message": "Preference changed: name=sync.transport_data_per_account, new_value=[object], source=unknown"}
{"logTime": "0920/061229", "level": "INFO", "message": "Preference changed: name=sync.transport_data_per_account, new_value=[object], source=unknown"}
{"logTime": "0920/061229", "level": "INFO", "message": "Preference changed: name=sync.keystore_encryption_key_state, new_value=\"eyJkb3dubG9hZF9rZXlfcmVzdWx0Ijp0cnVlLCJleHBpcmF0aW9uX3RpbWUiOjE3ODk5NzExNDcuNDkwODUzLCJodHRwX3Jlc3BvbnNlX2NvZGUiOjIwMCwia2V5X2NvdW50Ijo1LCJrZXlfdmFsaWRhdGlvbl90aW1lIjoxNzg5ODg0NzQ5Ljk4NzM2OCwibmV0X2Vycm9yX2NvZGUiOjEsInByb2Nlc3Nfa2V5X3Jlc3VsdCI6MCwic2V0X2tleV9yZXN1bHQiOnRydWV9\", source=unknown"}
{"logTime": "0920/061231", "level": "INFO", "message": "Preference changed: name=session.startup_urls, new_value=[object], source=unknown"}
{"logTime": "0920/061231", "level": "INFO", "message": "Preference changed: name=session.restore_on_startup, new_value=5, source=unknown"}
{"logTime": "0920/061231", "level": "INFO", "message": "Preference changed: name=sync.local_data_out_of_sync, new_value=true, source=unknown"}
{"logTime": "0920/061231", "level": "INFO", "message": "Preference changed: name=sync.transport_data_per_account, new_value=[object], source=unknown"}
{"logTime": "0920/061231", "level": "INFO", "message": "Preference changed: name=sync.transport_data_per_account, new_value=[object], source=unknown"}
{"logTime": "0920/061231", "level": "INFO", "message": "Preference changed: name=sync.transport_data_per_account, new_value=[object], source=unknown"}
{"logTime": "0920/061239", "level": "INFO", "message": "Preference changed: name=in_product_help.session_last_active_time, new_value=\"13434358346085385\", source=unknown"}
{"logTime": "0920/061243", "level": "INFO", "message": "Preference changed: name=sync.transport_data_per_account, new_value=[object], source=unknown"}
{"logTime": "0920/061243", "level": "INFO", "message": "Preference changed: name=sync.transport_data_per_account, new_value=[object], source=unknown"}
{"logTime": "0920/061243", "level": "INFO", "message": "Preference changed: name=sync.transport_data_per_account, new_value=[object], source=unknown"}
{"logTime": "0920/061244", "level": "INFO", "message": "Preference changed: name=sync.local_data_out_of_sync, new_value=false, source=unknown"}
{"logTime": "0920/061250", "level": "INFO", "message": "Preference changed: name=sync.transport_data_per_account, new_value=[object], source=unknown"}
{"logTime": "0920/061250", "level": "INFO", "message": "Preference changed: name=sync.transport_data_per_account, new_value=[object], source=unknown"}
{"logTime": "0920/061250", "level": "INFO", "message": "Preference changed: name=sync.transport_data_per_account, new_value=[object], source=unknown"}
{"logTime": "0920/061250", "level": "INFO", "message": "Preference changed: name=sync.transport_data_per_account, new_value=[object], source=unknown"}
{"logTime": "0920/061250", "level": "INFO", "message": "Preference changed: name=sync.transport_data_per_account, new_value=[object], source=unknown"}
{"logTime": "0920/061250", "level": "INFO", "message": "Preference changed: name=sync.transport_data_per_account, new_value=[object], source=unknown"}
{"logTime": "0920/061254", "level": "INFO", "message": "Preference changed: name=in_product_help.session_last_active_time, new_value=\"13434358374089195\", source=unknown"}
{"logTime": "0920/061255", "level": "INFO", "message": "Preference changed: name=browser.edge_sidebar_visibility_debug, new_value=[object], source=unknown"}
{"logTime": "0920/061257", "level": "INFO", "message": "Preference changed: name=profile.content_settings.exceptions.site_engagement, new_value=[object], source=unknown"}
{"logTime": "0920/061257", "level": "INFO", "message": "Preference changed: name=profile.last_engagement_time, new_value=\"13434358377859980\", source=unknown"}
{"logTime": "0920/061308", "level": "INFO", "message": "Preference changed: name=ntp_startup_partner_code, new_value=\"EDGEESS\", source=unknown"}
{"logTime": "0920/061308", "level": "INFO", "message": "Preference changed: name=appdefaults_partner_code, new_value=\"EDGEESS\", source=unknown"}
{"logTime": "0920/061308", "level": "INFO", "message": "Preference changed: name=ntp_startup_partner_code, new_value=\"\", source=unknown"}
{"logTime": "0920/061308", "level": "INFO", "message": "Preference changed: name=profile.last_time_obsolete_http_credentials_removed, new_value=1789884788.653175, source=unknown"}
{"logTime": "0920/061308", "level": "INFO", "message": "Preference changed: name=profile.were_old_google_logins_removed, new_value=true, source=unknown"}
{"logTime": "0920/061308", "level": "INFO", "message": "Preference changed: name=password_manager.account_store_migrated_to_os_crypt_async, new_value=true, source=unknown"}
{"logTime": "0920/061308", "level": "INFO", "message": "Preference changed: name=password_manager.account_store_backup_password_cleaning_last_timestamp, new_value=\"13434358388653693\", source=unknown"}
{"logTime": "0920/061308", "level": "INFO", "message": "Preference changed: name=profile.last_time_obsolete_http_credentials_removed, new_value=1789884788.655441, source=unknown"}
{"logTime": "0920/061308", "level": "INFO", "message": "Preference changed: name=profile.content_settings.exceptions.site_engagement, new_value=[object], source=unknown"}
{"logTime": "0920/061308", "level": "INFO", "message": "Preference changed: name=profile.last_engagement_time, new_value=\"13434358388780157\", source=unknown"}
{"logTime": "0920/061309", "level": "INFO", "message": "Preference changed: name=password_manager.profile_store_migrated_to_os_crypt_async, new_value=true, source=unknown"}
{"logTime": "0920/061309", "level": "INFO", "message": "Preference changed: name=password_manager.profile_store_backup_password_cleaning_last_timestamp, new_value=\"13434358389048269\", source=unknown"}
{"logTime": "0920/061310", "level": "INFO", "message": "Preference changed: name=sync.transport_data_per_account, new_value=[object], source=unknown"}
{"logTime": "0920/061310", "level": "INFO", "message": "Preference changed: name=sync.transport_data_per_account, new_value=[object], source=unknown"}
{"logTime": "0920/061310", "level": "INFO", "message": "Preference changed: name=sync.transport_data_per_account, new_value=[object], source=unknown"}
{"logTime": "0920/061310", "level": "INFO", "message": "Preference changed: name=sync.transport_data_per_account, new_value=[object], source=unknown"}
{"logTime": "0920/061310", "level": "INFO", "message": "Preference changed: name=sync.transport_data_per_account, new_value=[object], source=unknown"}
{"logTime": "0920/061310", "level": "INFO", "message": "Preference changed: name=sync.transport_data_per_account, new_value=[object], source=unknown"}
{"logTime": "0920/061318", "level": "INFO", "message": "Preference changed: name=local_browser_data_share.pin_recommendations_eligible, new_value=false, source=unknown"}
{"logTime": "0920/061318", "level": "INFO", "message": "Preference changed: name=local_browser_data_share.index_last_cleaned_time, new_value=\"13434358398509923\", source=unknown"}
{"logTime": "0920/061325", "level": "INFO", "message": "Preference changed: name=profile.content_settings.exceptions.site_engagement, new_value=[object], source=unknown"}
{"logTime": "0920/061325", "level": "INFO", "message": "Preference changed: name=profile.last_engagement_time, new_value=\"13434358405632420\", source=unknown"}
{"logTime": "0920/061338", "level": "INFO", "message": "Preference changed: name=profile.content_settings.exceptions.site_engagement, new_value=[object], source=unknown"}
{"logTime": "0920/061338", "level": "INFO", "message": "Preference changed: name=profile.last_engagement_time, new_value=\"13434358418444158\", source=unknown"}
{"logTime": "0920/061354", "level": "INFO", "message": "Preference changed: name=in_product_help.session_last_active_time, new_value=\"13434358433097775\", source=unknown"}
{"logTime": "0920/061355", "level": "INFO", "message": "Preference changed: name=profile.content_settings.exceptions.site_engagement, new_value=[object], source=unknown"}
{"logTime": "0920/061355", "level": "INFO", "message": "Preference changed: name=profile.last_engagement_time, new_value=\"13434358435399944\", source=unknown"}
{"logTime": "0920/061405", "level": "INFO", "message": "Preference changed: name=profile.content_settings.exceptions.site_engagement, new_value=[object], source=unknown"}
{"logTime": "0920/061405", "level": "INFO", "message": "Preference changed: name=profile.last_engagement_time, new_value=\"13434358445506746\", source=unknown"}
{"logTime": "0920/061409", "level": "INFO", "message": "Preference changed: name=in_product_help.session_last_active_time, new_value=\"13434358449109074\", source=unknown"}
{"logTime": "0920/061412", "level": "INFO", "message": "Preference changed: name=browser.show_hub_app_in_sidebar_buttons_legacy_update_time, new_value=\"13434358452645277\", source=unknown"}
{"logTime": "0920/061412", "level": "INFO", "message": "Preference changed: name=browser.show_hub_app_in_sidebar_buttons_legacy, new_value=[object], source=unknown"}
{"logTime": "0920/061414", "level": "INFO", "message": "Preference changed: name=browser.window_placement, new_value=[object], source=unknown"}
{"logTime": "0920/061417", "level": "INFO", "message": "Preference changed: name=profile.observed_session_time, new_value=[object], source=unknown"}
{"logTime": "0920/061424", "level": "INFO", "message": "Preference changed: name=in_product_help.session_last_active_time, new_value=\"13434358463112344\", source=unknown"}
{"logTime": "0920/061439", "level": "INFO", "message": "Preference changed: name=in_product_help.session_last_active_time, new_value=\"13434358463119102\", source=unknown"}
{"logTime": "0920/061522", "level": "INFO", "message": "Preference changed: name=sync.transport_data_per_account, new_value=[object], source=unknown"}
{"logTime": "0920/061522", "level": "INFO", "message": "Preference changed: name=sync.transport_data_per_account, new_value=[object], source=unknown"}
{"logTime": "0920/061522", "level": "INFO", "message": "Preference changed: name=sync.transport_data_per_account, new_value=[object], source=unknown"}
{"logTime": "0920/061554", "level": "INFO", "message": "Preference changed: name=in_product_help.session_last_active_time, new_value=\"13434358554148821\", source=unknown"}
{"logTime": "0920/061554", "level": "INFO", "message": "Preference changed: name=profile.content_settings.exceptions.site_engagement, new_value=[object], source=unknown"}
{"logTime": "0920/061554", "level": "INFO", "message": "Preference changed: name=profile.last_engagement_time, new_value=\"13434358554611866\", source=unknown"}
{"logTime": "0920/061606", "level": "INFO", "message": "Preference changed: name=browser.window_placement, new_value=[object], source=unknown"}
{"logTime": "0920/061606", "level": "INFO", "message": "Preference changed: name=browser.window_placement, new_value=[object], source=unknown"}
{"logTime": "0920/061608", "level": "INFO", "message": "Preference changed: name=profile.content_settings.exceptions.site_engagement, new_value=[object], source=unknown"}
{"logTime": "0920/061608", "level": "INFO", "message": "Preference changed: name=profile.last_engagement_time, new_value=\"13434358568209882\", source=unknown"}
{"logTime": "0920/061614", "level": "INFO", "message": "Preference changed: name=browser.window_placement, new_value=[object], source=unknown"}
{"logTime": "0920/061616", "level": "INFO", "message": "Preference changed: name=browser.window_placement, new_value=[object], source=unknown"}
{"logTime": "0920/061616", "level": "INFO", "message": "Preference changed: name=browser.window_placement, new_value=[object], source=unknown"}
{"logTime": "0920/061619", "level": "INFO", "message": "Preference changed: name=profile.observed_session_time, new_value=[object], source=unknown"}
{"logTime": "0920/061708", "level": "INFO", "message": "Preference changed: name=app_defaults.dse_injp_pc_cleared, new_value=true, source=unknown"}
{"logTime": "0920/061708", "level": "INFO", "message": "Preference changed: name=safebrowsing.extension_telemetry_file_data, new_value=[object], source=unknown"}
{"logTime": "0920/061709", "level": "INFO", "message": "Preference changed: name=shopping.last_pwilo_api_fetch_time, new_value=\"13434358629143706\", source=unknown"}
{"logTime": "0920/063947", "level": "INFO", "message": "Preference changed: name=browser.window_placement, new_value=[object], source=unknown"}
{"logTime": "0920/063947", "level": "INFO", "message": "Preference changed: name=browser.window_placement, new_value=[object], source=unknown"}
{"logTime": "0920/063953", "level": "INFO", "message": "Preference changed: name=sessions.event_log, new_value=[object], source=unknown"}
{"logTime": "0920/063953", "level": "INFO", "message": "Preference changed: name=profile.exit_type, new_value=\"Normal\", source=unknown"}
{"logTime": "0920/063953", "level": "INFO", "message": "Preference changed: name=profile.content_settings.exceptions.media_engagement, new_value=[object], source=unknown"}
{"logTime": "0920/063953", "level": "INFO", "message": "Preference changed: name=browser.time_of_last_normal_window_close, new_value=\"13434359993221035\", source=unknown"}
{"logTime": "0920/063953", "level": "INFO", "message": "Preference changed: name=profile.observed_session_time, new_value=[object], source=unknown"}
{"logTime": "0920/063953", "level": "INFO", "message": "Preference changed: name=sessions.session_data_status, new_value=2, source=unknown"}
{"logTime": "0920/063953", "level": "INFO", "message": "Preference changed: name=sessions.session_data_status, new_value=3, source=unknown"}
{"logTime": "0920/063953", "level": "INFO", "message": "Preference changed: name=browser.window_placement, new_value=[object], source=unknown"}
{"logTime": "0920/063953", "level": "INFO", "message": "Preference changed: name=browser.window_placement, new_value=[object], source=unknown"}
{"logTime": "0920/063953", "level": "INFO", "message": "Preference changed: name=browser.window_placement, new_value=[object], source=unknown"}
